order_item_id,order_id,product_id,quantity
1,1,26,3
2,1,12,1
3,2,35,1
4,2,17,2
5,2,12,5
6,2,38,2
7,3,15,3
8,3,20,1
9,4,1,1
10,5,42,4
11,6,23,2
12,7,41,5
13,8,33,2
14,8,17,1
15,8,16,1
16,8,1,4
17,9,29,1
18,9,15,3
19,9,9,3
20,9,40,4
21,10,49,5
22,10,37,4
23,10,36,3
24,11,6,5
25,11,11,5
26,12,20,2
27,12,11,2
28,12,26,4
29,12,3,2
30,13,45,2
31,14,24,1
32,14,23,3
33,14,34,4
34,14,12,4
35,15,45,5
36,16,1,1
37,16,29,1
38,17,11,5
39,17,15,1
40,17,46,2
41,18,28,2
42,18,45,1
43,19,5,5
44,19,23,1
45,20,47,5
46,20,1,1
47,20,44,4
48,20,24,1
49,21,33,4
50,22,35,3
51,22,24,5
52,23,47,5
53,24,37,4
54,24,48,2
55,24,30,1
56,25,36,1
57,25,34,3
58,25,3,2
59,25,46,4
60,26,5,4
61,26,36,5
62,27,33,4
63,27,38,2
64,28,22,1
65,28,20,5
66,28,4,2
67,29,47,4
68,29,49,2
69,30,4,2
70,31,40,5
71,31,19,2
72,32,9,2
73,32,43,1
74,33,6,3
75,33,18,2
76,33,32,2
77,34,5,4
78,35,37,2
79,35,39,1
80,35,46,2
81,36,9,1
82,37,4,2
83,37,18,2
84,38,9,4
85,38,46,4
86,39,9,2
87,39,45,3
88,39,7,2
89,40,50,2
90,41,27,3
91,42,27,3
92,43,13,3
93,43,1,5
94,43,44,2
95,43,4,4
96,44,30,1
97,44,23,5
98,44,26,5
99,44,38,2
100,45,50,1
101,45,5,2
102,46,27,1
103,47,20,2
104,47,25,5
105,47,39,5
106,47,3,2
107,48,2,3
108,49,48,3
109,49,35,1
110,50,26,1
111,50,11,2
112,50,10,1
113,50,37,4
114,51,1,4
115,51,33,5
116,51,4,3
117,51,24,4
118,52,30,2
119,52,49,4
120,52,3,2
121,52,25,1
122,53,24,3
123,53,4,3
124,53,20,3
125,53,38,1
126,54,28,3
127,54,26,5
128,54,13,2
129,54,44,2
130,55,23,5
131,55,1,4
132,55,20,2
133,55,42,4
134,56,9,4
135,56,11,2
136,57,8,3
137,57,6,2
138,57,19,4
139,57,10,2
140,58,42,3
141,58,36,3
142,58,45,2
143,59,44,5
144,60,35,4
145,61,48,5
146,62,10,3
147,62,41,1
148,62,16,5
149,62,47,5
150,63,17,3
151,63,15,2
152,63,13,2
153,63,36,3
154,64,12,3
155,64,24,5
156,64,43,2
157,64,4,2
158,65,17,1
159,65,13,2
160,66,6,3
161,67,26,3
162,67,2,3
163,67,24,4
164,67,47,4
165,68,32,4
166,68,22,5
167,68,30,3
168,69,13,4
169,69,24,3
170,69,16,5
171,70,18,5
172,70,26,5
173,70,25,4
174,70,47,1
175,71,14,2
176,71,18,3
177,71,9,3
178,71,6,3
179,72,35,1
180,73,40,1
181,73,20,3
182,73,33,2
183,74,39,5
184,74,10,4
185,74,21,4
186,74,24,3
187,75,12,4
188,75,8,3
189,75,16,2
190,75,1,2
191,76,50,1
192,76,46,3
193,76,38,2
194,77,8,3
195,77,19,5
196,77,4,5
197,77,43,2
198,78,11,1
199,78,27,3
200,79,20,1
201,79,14,4
202,79,46,5
203,80,15,2
204,80,43,1
205,80,50,1
206,80,30,1
207,81,32,5
208,82,11,1
209,82,10,3
210,82,8,5
211,83,6,2
212,83,36,2
213,83,18,3
214,83,21,3
215,84,28,4
216,84,33,3
217,85,44,1
218,85,42,1
219,85,32,4
220,86,42,1
221,86,11,5
222,87,22,4
223,87,48,4
224,87,10,4
225,87,15,2
226,88,26,2
227,88,44,2
228,88,21,4
229,88,27,1
230,89,18,1
231,90,49,3
232,91,29,1
233,91,35,1
234,92,21,1
235,92,42,1
236,92,34,1
237,93,31,2
238,93,44,2
239,94,20,2
240,95,30,1
241,95,43,4
242,95,13,1
243,96,15,1
244,96,37,2
245,96,45,4
246,97,32,2
247,98,13,1
248,99,25,3
249,99,40,3
250,100,34,4
251,100,50,2
252,101,39,2
253,102,16,3
254,102,23,5
255,102,9,3
256,102,47,2
257,103,10,2
258,103,11,4
259,104,45,2
260,104,40,5
261,105,1,3
262,105,19,4
263,106,23,2
264,106,15,2
265,107,28,1
266,107,6,4
267,107,33,4
268,107,23,1
269,108,36,4
270,109,33,2
271,110,39,5
272,110,32,2
273,110,8,2
274,110,49,4
275,111,7,1
276,112,8,3
277,112,10,5
278,112,26,2
279,112,7,5
280,113,46,4
281,113,6,4
282,114,35,4
283,114,17,4
284,114,50,2
285,115,29,2
286,115,49,2
287,115,17,2
288,116,45,2
289,116,10,2
290,117,41,1
291,118,17,5
292,118,10,5
293,118,23,2
294,119,12,3
295,119,47,4
296,120,25,2
297,121,14,1
298,121,24,4
299,121,42,2
300,122,16,5
301,122,5,1
302,122,42,3
303,122,8,4
304,123,18,4
305,123,7,3
306,123,16,2
307,123,1,5
308,124,50,5
309,124,8,3
310,124,42,2
311,125,43,1
312,126,50,2
313,126,25,4
314,127,33,3
315,128,15,3
316,128,37,4
317,128,47,1
318,128,31,3
319,129,31,3
320,129,3,3
321,129,24,5
322,130,12,1
323,131,6,3
324,131,28,1
325,131,47,1
326,132,22,1
327,132,28,5
328,132,18,1
329,133,38,5
330,133,14,4
331,133,21,3
332,133,29,2
333,134,31,1
334,135,2,2
335,135,17,4
336,136,43,1
337,136,1,5
338,137,7,1
339,137,9,2
340,137,47,3
341,137,43,1
342,138,37,4
343,138,16,5
344,139,30,4
345,139,35,4
346,139,37,1
347,139,42,5
348,140,14,4
349,140,5,4
350,140,11,2
351,140,28,1
352,141,9,4
353,141,29,1
354,142,22,5
355,142,45,5
356,142,37,4
357,142,34,5
358,143,23,5
359,143,16,3
360,143,41,2
361,143,14,1
362,144,41,4
363,145,20,5
364,145,13,5
365,145,2,3
366,146,15,2
367,146,8,1
368,147,8,1
369,147,38,3
370,148,50,3
371,149,25,4
372,149,18,3
373,149,19,4
374,149,37,1
375,150,1,2
376,151,36,3
377,151,30,5
378,151,26,4
379,151,20,4
380,152,20,4
381,152,37,3
382,152,29,1
383,152,38,4
384,153,25,4
385,153,23,1
386,154,22,4
387,154,3,2
388,154,2,3
389,155,45,2
390,155,15,1
391,155,31,5
392,156,18,2
393,156,37,4
394,156,28,4
395,156,40,1
396,157,41,5
397,158,9,4
398,158,37,2
399,158,45,3
400,159,4,3
401,159,45,5
402,160,47,3
403,160,1,1
404,160,12,2
405,160,24,5
406,161,30,2
407,161,27,4
408,162,16,5
409,162,6,3
410,162,21,5
411,163,40,3
412,163,26,4
413,163,23,4
414,164,20,3
415,164,22,3
416,165,20,3
417,165,46,1
418,166,40,5
419,166,8,5
420,166,26,5
421,167,49,2
422,167,39,3
423,168,38,2
424,168,29,5
425,168,19,3
426,169,17,5
427,169,2,2
428,169,34,2
429,169,49,2
430,170,38,3
431,171,9,2
432,171,39,5
433,171,47,5
434,171,31,5
435,172,7,1
436,172,16,1
437,172,11,5
438,173,9,1
439,173,4,4
440,173,45,1
441,173,12,4
442,174,20,2
443,174,34,3
444,174,23,4
445,175,22,2
446,175,31,2
447,175,38,1
448,176,1,3
449,176,3,3
450,177,20,5
451,177,25,2
452,177,5,5
453,177,10,1
454,178,10,3
455,179,9,1
456,180,47,3
457,180,30,4
458,181,34,4
459,181,46,2
460,181,39,3
461,182,41,1
462,182,44,5
463,182,31,4
464,183,37,5
465,184,5,3
466,184,17,5
467,185,13,3
468,185,17,4
469,185,45,4
470,186,6,2
471,186,5,5
472,187,4,2
473,187,14,2
474,187,19,4
475,188,43,2
476,188,48,1
477,189,13,4
478,189,20,3
479,190,17,2
480,190,27,1
481,191,20,2
482,192,46,4
483,192,38,5
484,192,27,1
485,192,33,1
486,193,46,3
487,193,10,4
488,193,37,5
489,194,10,1
490,195,29,3
491,195,19,2
492,195,5,1
493,195,30,3
494,196,21,2
495,196,4,2
496,197,4,5
497,197,11,3
498,197,36,4
499,198,22,3
500,198,12,2
501,198,29,2
502,198,49,2
503,199,34,5
504,199,10,2
505,200,9,1
506,201,22,5
507,201,26,1
508,202,14,2
509,202,1,1
510,203,13,4
511,203,17,4
512,204,5,4
513,204,47,4
514,204,45,3
515,204,8,1
516,205,28,5
517,205,10,5
518,205,50,3
519,205,31,3
520,206,48,2
521,206,4,3
522,207,14,2
523,207,4,2
524,207,6,5
525,208,32,1
526,208,11,2
527,208,16,3
528,209,3,5
529,209,9,3
530,210,5,1
531,210,38,1
532,210,48,4
533,210,50,2
534,211,43,3
535,211,9,1
536,212,4,4
537,212,29,3
538,212,47,5
539,213,47,4
540,213,50,3
541,213,7,3
542,213,31,4
543,214,40,5
544,215,17,4
545,215,4,3
546,216,35,2
547,216,29,4
548,217,22,1
549,217,33,2
550,218,21,1
551,218,39,5
552,219,25,5
553,219,26,3
554,219,49,3
555,220,16,2
556,220,32,2
557,221,37,1
558,221,50,2
559,221,5,1
560,221,12,1
561,222,8,5
562,223,33,3
563,223,3,5
564,223,16,4
565,223,45,5
566,224,43,1
567,225,4,1
568,225,32,2
569,225,19,5
570,225,45,2
571,226,7,5
572,226,38,3
573,226,40,3
574,227,39,1
575,227,21,4
576,228,12,2
577,229,32,3
578,229,25,2
579,230,36,2
580,230,30,2
581,231,24,3
582,232,10,4
583,232,8,2
584,233,44,4
585,233,21,2
586,233,17,2
587,233,38,1
588,234,13,3
589,234,19,3
590,235,2,4
591,235,20,5
592,235,33,5
593,235,34,5
594,236,1,1
595,236,18,2
596,236,30,1
597,237,40,5
598,237,44,3
599,237,25,1
600,238,13,4
601,238,44,3
602,238,29,5
603,239,26,2
604,239,28,2
605,240,27,2
606,240,15,4
607,240,18,4
608,241,21,2
609,241,11,1
610,241,23,4
611,241,37,1
612,242,23,5
613,242,35,2
614,242,6,1
615,242,10,3
616,243,10,3
617,243,38,1
618,244,21,4
619,245,3,5
620,245,10,3
621,246,49,5
622,246,43,4
623,246,45,2
624,247,16,2
625,247,30,4
626,247,43,2
627,247,47,5
628,248,43,1
629,248,49,4
630,248,12,4
631,249,22,3
632,250,42,5
633,251,7,1
634,251,13,2
635,251,14,5
636,252,3,3
637,253,46,1
638,253,11,1
639,254,10,2
640,254,7,1
641,255,48,1
642,255,19,3
643,255,33,5
644,256,28,4
645,256,35,5
646,257,26,5
647,257,20,1
648,257,1,5
649,257,7,3
650,258,36,4
651,258,35,3
652,258,4,3
653,259,44,1
654,259,1,4
655,260,37,4
656,260,33,4
657,261,16,4
658,261,21,4
659,261,34,3
660,261,50,4
661,262,50,5
662,262,48,4
663,262,8,2
664,263,19,2
665,263,43,1
666,264,46,2
667,264,28,2
668,265,13,2
669,266,20,1
670,267,19,2
671,268,35,3
672,268,14,4
673,268,8,5
674,269,6,4
675,270,10,5
676,270,49,5
677,270,27,5
678,270,38,3
679,271,42,2
680,272,8,5
681,272,48,1
682,273,15,4
683,274,27,2
684,274,2,1
685,274,48,1
686,274,45,1
687,275,13,5
688,275,48,3
689,275,11,2
690,276,13,1
691,276,7,3
692,276,1,2
693,276,21,3
694,277,34,5
695,277,16,1
696,278,36,4
697,278,45,5
698,278,11,2
699,279,4,4
700,280,35,4
701,280,45,4
702,280,28,2
703,280,11,2
704,281,36,5
705,281,14,5
706,282,44,1
707,282,14,5
708,282,31,3
709,282,27,1
710,283,12,2
711,283,26,4
712,283,30,5
713,283,7,3
714,284,1,1
715,285,10,5
716,285,43,2
717,286,15,5
718,286,46,2
719,287,44,5
720,288,23,4
721,288,12,5
722,289,34,4
723,290,46,1
724,290,49,4
725,290,48,4
726,291,25,4
727,291,7,3
728,291,42,5
729,291,3,2
730,292,41,5
731,293,42,3
732,294,50,5
733,294,5,2
734,295,39,4
735,295,29,5
736,295,27,1
737,295,8,3
738,296,38,5
739,296,35,3
740,296,42,3
741,296,16,4
742,297,48,1
743,297,44,2
744,298,25,5
745,298,24,4
746,298,45,2
747,298,26,5
748,299,37,3
749,299,7,4
750,299,9,2
751,300,40,5
752,300,33,2
753,300,38,3
754,301,15,4
755,301,39,1
756,301,18,4
757,302,9,1
758,302,38,4
759,302,39,3
760,303,10,4
761,303,49,5
762,303,40,3
763,303,27,1
764,304,37,1
765,304,40,5
766,304,26,1
767,304,32,5
768,305,20,5
769,305,44,3
770,305,32,5
771,305,17,5
772,306,26,5
773,306,18,2
774,306,5,5
775,307,8,2
776,307,27,3
777,307,30,4
778,308,14,5
779,308,26,5
780,308,47,5
781,309,25,3
782,310,17,3
783,311,1,5
784,311,39,4
785,311,11,1
786,312,11,2
787,312,8,4
788,312,3,2
789,313,3,5
790,313,26,1
791,313,19,1
792,313,36,5
793,314,18,3
794,314,35,3
795,315,50,2
796,316,36,5
797,317,43,3
798,317,3,4
799,318,43,2
800,318,35,5
801,318,36,5
802,319,17,3
803,319,48,4
804,319,7,2
805,319,36,1
806,320,29,1
807,320,24,1
808,321,14,1
809,322,47,4
810,322,25,1
811,322,49,5
812,323,42,3
813,323,14,4
814,323,2,3
815,324,36,3
816,325,29,3
817,325,35,4
818,326,37,4
819,326,4,1
820,326,33,1
821,326,49,5
822,327,11,1
823,327,27,1
824,327,42,2
825,327,3,4
826,328,45,2
827,328,8,3
828,328,4,3
829,329,17,5
830,329,9,1
831,329,39,4
832,330,18,5
833,330,43,4
834,330,22,3
835,330,28,2
836,331,3,2
837,331,25,1
838,331,10,3
839,332,40,4
840,332,39,2
841,332,28,3
842,333,50,1
843,333,12,3
844,333,8,2
845,333,39,2
846,334,29,4
847,334,2,3
848,334,17,4
849,335,20,3
850,335,35,3
851,335,19,5
852,335,44,2
853,336,21,5
854,336,11,2
855,336,7,3
856,336,15,1
857,337,6,3
858,337,9,2
859,337,19,1
860,337,22,2
861,338,1,2
862,339,9,1
863,339,43,4
864,339,12,2
865,339,6,2
866,340,32,3
867,340,11,5
868,340,28,5
869,340,50,2
870,341,36,3
871,341,21,5
872,341,46,3
873,342,12,3
874,342,38,2
875,343,9,1
876,343,46,4
877,343,21,1
878,344,32,1
879,344,24,4
880,344,40,1
881,345,22,1
882,346,24,3
883,347,17,4
884,348,20,3
885,348,18,2
886,348,31,3
887,348,15,2
888,349,29,3
889,349,34,1
890,349,47,4
891,350,23,5
892,351,45,2
893,351,37,3
894,351,30,3
895,352,3,2
896,352,22,4
897,353,15,2
898,354,34,2
899,355,6,2
900,355,5,5
901,355,45,5
902,355,13,2
903,356,3,2
904,356,33,5
905,356,31,1
906,356,35,3
907,357,31,4
908,357,35,2
909,358,19,5
910,359,12,3
911,359,21,2
912,359,44,1
913,359,5,4
914,360,27,2
915,360,21,3
916,360,43,2
917,361,33,1
918,361,4,3
919,361,7,4
920,361,37,4
921,362,19,4
922,362,18,4
923,363,48,4
924,364,48,4
925,364,25,5
926,364,11,1
927,364,38,3
928,365,14,2
929,365,26,5
930,366,25,3
931,366,41,3
932,366,28,1
933,367,45,1
934,368,4,5
935,369,31,1
936,369,15,5
937,369,37,2
938,370,11,1
939,370,7,5
940,370,46,5
941,371,43,3
942,371,34,4
943,371,19,3
944,371,11,5
945,372,40,5
946,372,49,4
947,372,43,5
948,373,29,3
949,373,11,4
950,373,36,3
951,374,49,5
952,374,34,1
953,374,9,5
954,375,12,2
955,376,29,5
956,377,47,1
957,377,35,2
958,377,39,3
959,377,43,5
960,378,41,4
961,378,39,1
962,379,1,5
963,379,22,3
964,379,49,3
965,379,38,3
966,380,18,2
967,381,32,4
968,381,49,5
969,381,11,1
970,381,34,1
971,382,47,1
972,382,14,2
973,383,49,1
974,383,28,1
975,383,35,5
976,384,40,5
977,384,32,1
978,385,22,1
979,385,37,5
980,385,1,5
981,386,7,4
982,386,29,5
983,387,24,3
984,388,36,4
985,388,28,5
986,389,15,1
987,389,24,3
988,390,49,4
989,391,50,3
990,392,9,4
991,392,44,1
992,393,8,5
993,394,38,1
994,394,6,2
995,395,37,3
996,395,31,2
997,396,23,4
998,396,8,1
999,396,16,5
1000,397,45,5
1001,398,35,1
1002,398,7,1
1003,398,33,3
1004,399,4,2
1005,399,9,4
1006,399,20,2
1007,400,5,4
1008,400,22,2
1009,400,45,4
1010,400,34,4
1011,401,29,2
1012,401,6,3
1013,402,37,2
1014,402,16,5
1015,402,14,1
1016,402,23,1
1017,403,35,4
1018,403,21,1
1019,403,49,3
1020,404,29,1
1021,404,43,3
1022,404,16,4
1023,405,16,2
1024,405,38,3
1025,405,32,3
1026,405,37,1
1027,406,25,3
1028,407,26,5
1029,407,44,1
1030,408,33,4
1031,408,16,4
1032,409,30,2
1033,409,2,5
1034,410,50,1
1035,410,42,3
1036,410,25,2
1037,410,27,3
1038,411,34,4
1039,411,6,3
1040,412,5,4
1041,412,46,1
1042,412,44,1
1043,413,40,4
1044,414,41,5
1045,414,14,3
1046,414,22,4
1047,415,3,1
1048,415,24,2
1049,415,8,5
1050,416,9,4
1051,417,1,2
1052,417,17,4
1053,418,14,1
1054,418,28,3
1055,418,9,3
1056,418,33,3
1057,419,8,2
1058,419,34,5
1059,419,49,3
1060,419,38,2
1061,420,37,4
1062,421,27,4
1063,422,17,5
1064,422,45,1
1065,422,49,5
1066,422,43,2
1067,423,33,3
1068,423,35,5
1069,424,49,1
1070,424,18,2
1071,424,21,3
1072,424,23,5
1073,425,9,3
1074,425,32,2
1075,425,8,1
1076,425,30,4
1077,426,7,4
1078,427,50,2
1079,427,47,3
1080,427,3,2
1081,428,33,4
1082,429,36,4
1083,429,31,3
1084,430,47,2
1085,430,15,4
1086,431,49,1
1087,431,31,3
1088,431,29,1
1089,432,46,5
1090,432,1,1
1091,433,23,2
1092,434,2,4
1093,434,12,2
1094,434,35,3
1095,434,9,3
1096,435,3,1
1097,435,17,2
1098,436,6,1
1099,436,40,3
1100,437,30,3
1101,437,9,1
1102,437,1,1
1103,437,18,1
1104,438,45,1
1105,438,38,5
1106,438,46,2
1107,438,18,2
1108,439,24,5
1109,439,50,1
1110,439,16,1
1111,440,46,2
1112,440,40,2
1113,440,20,3
1114,440,7,5
1115,441,2,5
1116,441,38,4
1117,441,47,2
1118,441,48,4
1119,442,37,2
1120,442,27,2
1121,442,14,3
1122,443,32,3
1123,444,12,1
1124,444,19,3
1125,445,12,1
1126,445,27,1
1127,446,3,2
1128,447,25,1
1129,447,34,4
1130,447,28,2
1131,448,31,1
1132,449,35,4
1133,449,26,2
1134,450,10,1
1135,451,39,3
1136,452,26,2
1137,452,27,1
1138,453,13,5
1139,453,27,1
1140,453,35,1
1141,454,30,3
1142,454,31,1
1143,454,39,1
1144,455,32,2
1145,456,22,1
1146,456,37,1
1147,457,14,2
1148,457,40,1
1149,457,30,4
1150,457,6,2
1151,458,6,2
1152,458,7,5
1153,459,37,4
1154,459,3,1
1155,459,48,4
1156,459,33,4
1157,460,12,1
1158,460,8,3
1159,461,46,4
1160,461,50,1
1161,461,18,4
1162,462,37,2
1163,463,31,1
1164,464,17,1
1165,464,20,2
1166,464,16,2
1167,464,27,3
1168,465,9,2
1169,465,12,1
1170,465,24,4
1171,466,10,3
1172,467,14,3
1173,467,38,1
1174,468,47,1
1175,468,43,5
1176,469,20,4
1177,469,48,2
1178,469,29,4
1179,470,14,2
1180,471,42,1
1181,471,41,2
1182,471,23,2
1183,471,21,4
1184,472,6,3
1185,472,42,5
1186,472,30,1
1187,472,39,2
1188,473,23,5
1189,473,45,3
1190,473,38,1
1191,474,3,1
1192,474,9,3
1193,474,7,5
1194,474,37,5
1195,475,11,4
1196,476,49,5
1197,476,45,5
1198,476,19,4
1199,476,47,3
1200,477,36,4
1201,477,28,2
1202,477,33,2
1203,477,44,4
1204,478,4,3
1205,478,1,3
1206,478,33,4
1207,478,34,3
1208,479,33,2
1209,480,43,1
1210,480,36,5
1211,480,6,1
1212,480,37,4
1213,481,40,1
1214,481,37,4
1215,481,9,3
1216,482,4,4
1217,483,26,2
1218,483,39,2
1219,484,15,3
1220,484,18,5
1221,484,35,4
1222,485,29,2
1223,485,3,1
1224,485,33,2
1225,486,21,2
1226,486,18,1
1227,486,28,2
1228,486,12,1
1229,487,13,4
1230,487,48,2
1231,488,23,3
1232,489,14,2
1233,490,4,1
1234,491,36,5
1235,492,16,4
1236,492,19,4
1237,492,48,2
1238,492,46,5
1239,493,40,1
1240,494,34,5
1241,495,8,3
1242,496,26,1
1243,497,38,1
1244,498,37,2
1245,498,49,2
1246,498,48,2
1247,498,41,4
1248,499,30,5
1249,499,48,5
1250,500,48,4
1251,500,46,1
1252,500,40,5
1253,500,3,3
1254,501,35,4
1255,501,6,4
1256,501,36,3
1257,502,16,5
1258,502,3,5
1259,502,4,5
1260,502,2,3
1261,503,16,1
1262,503,28,1
1263,504,29,1
1264,504,6,5
1265,505,21,1
1266,506,45,5
1267,506,17,2
1268,506,22,5
1269,507,10,3
1270,507,2,1
1271,507,13,1
1272,508,14,2
1273,508,21,3
1274,508,49,4
1275,509,2,5
1276,509,29,5
1277,509,21,5
1278,509,25,3
1279,510,38,4
1280,510,46,4
1281,510,18,4
1282,511,46,1
1283,511,4,1
1284,512,18,1
1285,512,42,2
1286,513,45,5
1287,514,9,2
1288,514,42,5
1289,515,39,2
1290,515,50,4
1291,515,19,2
1292,515,1,1
1293,516,33,3
1294,516,5,3
1295,516,32,2
1296,517,15,4
1297,517,23,3
1298,517,41,2
1299,517,13,2
1300,518,30,3
1301,518,2,1
1302,518,1,2
1303,519,50,5
1304,520,36,3
1305,520,45,1
1306,521,44,4
1307,522,41,2
1308,523,23,3
1309,523,37,4
1310,523,2,1
1311,524,4,4
1312,525,15,3
1313,525,4,4
1314,526,2,5
1315,526,4,2
1316,526,6,5
1317,526,9,2
1318,527,6,2
1319,527,2,2
1320,527,47,2
1321,527,48,5
1322,528,5,1
1323,528,23,3
1324,528,6,5
1325,528,9,3
1326,529,32,4
1327,530,49,3
1328,530,21,3
1329,530,15,4
1330,530,50,1
1331,531,42,4
1332,531,12,4
1333,531,10,2
1334,532,25,5
1335,532,2,1
1336,532,7,3
1337,533,1,4
1338,533,24,2
1339,534,32,2
1340,534,10,3
1341,534,17,5
1342,535,6,2
1343,535,32,2
1344,535,27,3
1345,535,35,1
1346,536,30,2
1347,536,43,4
1348,537,1,4
1349,537,33,3
1350,537,26,4
1351,537,27,2
1352,538,18,5
1353,538,5,4
1354,539,35,5
1355,539,29,3
1356,539,33,4
1357,539,18,4
1358,540,43,2
1359,541,41,2
1360,542,1,1
1361,542,3,5
1362,542,27,3
1363,543,20,3
1364,543,10,3
1365,543,9,2
1366,543,16,3
1367,544,20,4
1368,545,36,3
1369,545,10,4
1370,545,8,3
1371,545,6,5
1372,546,11,5
1373,546,23,2
1374,546,17,1
1375,547,43,1
1376,547,45,1
1377,547,18,1
1378,547,19,5
1379,548,50,1
1380,548,13,5
1381,548,35,2
1382,548,36,4
1383,549,1,4
1384,549,43,2
1385,550,15,5
1386,550,22,3
1387,550,44,5
1388,551,47,5
1389,551,5,5
1390,552,38,1
1391,552,27,4
1392,552,35,4
1393,553,50,1
1394,553,2,1
1395,553,23,1
1396,554,6,3
1397,554,11,3
1398,555,43,3
1399,555,48,1
1400,556,16,1
1401,556,2,4
1402,557,20,5
1403,558,1,1
1404,558,16,5
1405,558,32,4
1406,558,10,1
1407,559,13,2
1408,560,45,2
1409,561,39,4
1410,562,6,1
1411,563,3,3
1412,563,1,4
1413,563,14,1
1414,564,7,4
1415,564,49,1
1416,565,49,1
1417,565,42,1
1418,565,36,4
1419,565,27,2
1420,566,44,1
1421,566,46,5
1422,566,40,3
1423,567,38,3
1424,568,34,1
1425,568,22,1
1426,568,24,2
1427,568,1,4
1428,569,15,2
1429,569,22,1
1430,569,34,1
1431,570,11,4
1432,570,36,5
1433,570,34,1
1434,570,44,4
1435,571,50,5
1436,571,30,1
1437,572,30,4
1438,572,8,1
1439,573,2,1
1440,573,36,5
1441,573,45,4
1442,573,33,2
1443,574,13,5
1444,574,44,5
1445,575,17,1
1446,575,31,5
1447,575,32,2
1448,575,50,4
1449,576,15,4
1450,576,3,5
1451,576,29,1
1452,577,12,3
1453,578,44,5
1454,579,23,1
1455,579,30,1
1456,579,33,2
1457,580,43,2
1458,580,19,2
1459,580,13,4
1460,581,11,4
1461,581,8,5
1462,582,25,5
1463,583,36,4
1464,583,23,4
1465,583,30,1
1466,583,17,4
1467,584,44,5
1468,584,23,1
1469,584,5,2
1470,584,28,5
1471,585,45,1
1472,585,48,3
1473,585,10,1
1474,586,27,3
1475,587,25,1
1476,587,5,4
1477,588,14,2
1478,589,3,3
1479,589,42,2
1480,589,34,3
1481,590,45,1
1482,590,48,5
1483,591,37,3
1484,591,9,5
1485,592,33,1
1486,592,5,1
1487,592,15,3
1488,593,48,4
1489,594,1,3
1490,595,3,1
1491,595,10,3
1492,596,25,4
1493,597,49,4
1494,597,46,3
1495,597,36,4
1496,598,15,5
1497,598,43,3
1498,599,20,1
1499,599,36,1
1500,600,21,1
1501,601,49,3
1502,602,27,4
1503,602,17,5
1504,602,50,5
1505,602,10,4
1506,603,21,4
1507,604,36,3
1508,604,22,1
1509,605,35,1
1510,605,50,4
1511,606,22,5
1512,606,7,3
1513,606,9,5
1514,606,15,4
1515,607,22,3
1516,608,10,1
1517,608,25,5
1518,608,41,4
1519,609,15,4
1520,609,47,1
1521,610,19,3
1522,610,28,3
1523,611,50,3
1524,611,30,1
1525,611,10,4
1526,611,3,1
1527,612,30,2
1528,613,33,4
1529,614,24,4
1530,615,49,5
1531,615,42,2
1532,615,31,4
1533,616,14,1
1534,617,21,1
1535,617,20,2
1536,617,15,4
1537,617,34,3
1538,618,20,5
1539,619,46,2
1540,619,30,4
1541,619,43,1
1542,620,37,3
1543,620,12,3
1544,621,44,4
1545,621,34,2
1546,621,26,5
1547,621,10,5
1548,622,3,4
1549,622,29,3
1550,622,27,2
1551,623,29,4
1552,624,10,1
1553,624,31,2
1554,625,14,4
1555,625,47,4
1556,625,36,4
1557,626,23,2
1558,626,39,2
1559,627,47,1
1560,627,33,4
1561,627,31,1
1562,627,39,3
1563,628,38,1
1564,628,44,3
1565,628,15,3
1566,628,12,2
1567,629,1,5
1568,629,23,5
1569,629,2,2
1570,630,13,1
1571,630,37,3
1572,630,27,5
1573,630,48,4
1574,631,17,2
1575,631,50,3
1576,631,1,4
1577,631,21,4
1578,632,48,4
1579,633,32,3
1580,633,46,2
1581,633,22,4
1582,633,23,1
1583,634,16,5
1584,635,10,2
1585,635,12,4
1586,635,31,2
1587,636,47,2
1588,636,14,2
1589,636,12,2
1590,636,4,4
1591,637,7,1
1592,638,24,5
1593,638,42,1
1594,638,32,4
1595,638,28,1
1596,639,11,2
1597,639,4,5
1598,639,50,5
1599,639,19,3
1600,640,19,3
1601,641,37,3
1602,641,36,2
1603,641,15,1
1604,641,3,4
1605,642,14,5
1606,643,12,2
1607,643,2,4
1608,644,7,3
1609,645,44,3
1610,645,26,4
1611,646,4,4
1612,647,5,4
1613,648,49,4
1614,648,2,2
1615,648,14,4
1616,648,6,1
1617,649,44,3
1618,649,1,5
1619,649,3,2
1620,650,12,4
1621,650,27,2
1622,651,18,2
1623,651,25,1
1624,651,37,4
1625,652,37,4
1626,652,18,4
1627,653,36,5
1628,653,1,2
1629,654,48,4
1630,655,17,3
1631,655,4,5
1632,655,11,5
1633,656,7,2
1634,656,45,5
1635,656,39,2
1636,657,30,2
1637,657,45,4
1638,658,35,2
1639,658,6,5
1640,659,25,2
1641,660,42,5
1642,660,4,4
1643,660,20,1
1644,661,28,4
1645,661,46,4
1646,662,42,2
1647,662,22,5
1648,662,11,3
1649,662,30,3
1650,663,38,3
1651,663,32,5
1652,664,2,1
1653,664,29,5
1654,664,47,5
1655,665,20,4
1656,665,1,3
1657,665,27,4
1658,665,48,1
1659,666,3,1
1660,666,35,1
1661,667,39,2
1662,667,3,2
1663,668,24,3
1664,669,40,3
1665,669,3,3
1666,670,38,2
1667,671,11,2
1668,671,23,2
1669,672,12,2
1670,672,1,2
1671,673,5,3
1672,673,3,3
1673,673,10,3
1674,674,8,5
1675,675,22,3
1676,675,19,1
1677,676,26,5
1678,676,38,5
1679,677,45,2
1680,677,14,2
1681,677,40,2
1682,678,19,4
1683,678,16,2
1684,679,9,3
1685,679,1,5
1686,679,35,5
1687,679,2,2
1688,680,9,3
1689,681,6,1
1690,681,11,4
1691,681,38,3
1692,682,21,1
1693,682,40,1
1694,682,39,2
1695,682,9,2
1696,683,26,4
1697,683,13,3
1698,683,5,5
1699,683,31,3
1700,684,11,4
1701,684,5,2
1702,684,1,5
1703,685,42,2
1704,685,6,4
1705,685,37,3
1706,686,38,2
1707,687,26,1
1708,687,29,2
1709,688,31,3
1710,689,47,2
1711,689,26,4
1712,690,31,5
1713,690,21,4
1714,690,10,3
1715,691,7,5
1716,691,10,4
1717,691,45,1
1718,691,2,4
1719,692,2,5
1720,692,1,5
1721,693,43,5
1722,693,48,3
1723,694,9,2
1724,694,18,2
1725,694,4,1
1726,695,23,2
1727,696,23,1
1728,696,1,3
1729,696,21,2
1730,697,7,1
1731,697,38,3
1732,698,43,5
1733,698,4,4
1734,699,38,3
1735,699,30,4
1736,699,41,5
1737,699,9,2
1738,700,45,2
1739,700,48,2
1740,700,17,1
1741,701,46,3
1742,701,17,5
1743,702,38,2
1744,703,20,5
1745,704,32,4
1746,704,3,5
1747,704,28,2
1748,704,41,2
1749,705,49,5
1750,705,11,5
1751,706,23,2
1752,706,7,3
1753,706,40,4
1754,706,4,5
1755,707,28,5
1756,707,18,3
1757,707,4,5
1758,708,48,5
1759,708,34,2
1760,708,13,3
1761,709,46,2
1762,709,31,1
1763,709,9,5
1764,709,26,3
1765,710,31,2
1766,710,9,3
1767,710,43,3
1768,710,38,2
1769,711,48,5
1770,711,24,4
1771,711,6,2
1772,712,12,1
1773,712,23,1
1774,713,23,4
1775,713,47,2
1776,714,29,4
1777,714,12,2
1778,714,36,5
1779,715,12,1
1780,715,42,2
1781,715,1,2
1782,716,18,3
1783,716,6,5
1784,717,39,1
1785,717,1,5
1786,718,26,1
1787,718,11,2
1788,718,45,4
1789,718,29,4
1790,719,17,3
1791,720,38,3
1792,721,13,3
1793,721,12,1
1794,721,5,1
1795,721,31,2
1796,722,4,1
1797,723,16,2
1798,723,24,5
1799,724,9,3
1800,724,11,4
1801,725,6,5
1802,726,25,1
1803,726,1,4
1804,727,34,2
1805,728,32,4
1806,728,43,3
1807,728,3,4
1808,728,21,1
1809,729,4,4
1810,729,31,3
1811,729,28,2
1812,729,9,5
1813,730,1,2
1814,730,37,4
1815,730,21,2
1816,731,18,1
1817,731,28,4
1818,732,43,1
1819,732,10,2
1820,732,15,2
1821,732,44,4
1822,733,1,5
1823,734,19,4
1824,734,46,3
1825,734,6,2
1826,735,46,4
1827,735,7,3
1828,736,19,2
1829,736,8,4
1830,736,48,2
1831,737,31,3
1832,737,43,4
1833,737,25,4
1834,737,34,1
1835,738,45,3
1836,738,14,2
1837,738,17,5
1838,738,39,1
1839,739,28,3
1840,739,5,3
1841,739,31,1
1842,740,2,5
1843,740,6,5
1844,740,32,2
1845,740,40,2
1846,741,45,2
1847,741,12,3
1848,741,3,5
1849,742,29,3
1850,742,20,3
1851,743,50,4
1852,744,15,3
1853,744,18,4
1854,745,13,5
1855,745,33,3
1856,745,25,4
1857,746,11,3
1858,747,50,2
1859,747,35,4
1860,747,24,2
1861,748,36,4
1862,748,37,2
1863,748,3,2
1864,748,18,5
1865,749,47,1
1866,749,46,1
1867,749,18,5
1868,749,5,3
1869,750,33,3
1870,750,22,4
1871,751,12,3
1872,751,6,2
1873,751,26,3
1874,752,3,5
1875,753,31,1
1876,753,35,3
1877,754,4,4
1878,754,20,1
1879,754,32,3
1880,754,42,2
1881,755,33,2
1882,755,34,4
1883,755,17,1
1884,755,18,4
1885,756,6,3
1886,756,35,4
1887,756,49,3
1888,756,29,4
1889,757,9,2
1890,757,44,4
1891,757,25,5
1892,757,49,1
1893,758,43,1
1894,758,20,5
1895,758,45,3
1896,759,4,2
1897,760,31,1
1898,760,45,1
1899,760,11,5
1900,760,37,3
1901,761,3,5
1902,761,45,4
1903,761,30,1
1904,762,16,4
1905,762,24,1
1906,762,27,3
1907,763,15,2
1908,764,18,2
1909,764,28,2
1910,764,38,1
1911,764,33,4
1912,765,42,1
1913,765,29,4
1914,765,43,4
1915,765,14,1
1916,766,12,2
1917,766,48,4
1918,767,31,1
1919,767,37,5
1920,767,42,1
1921,767,18,5
1922,768,33,2
1923,768,42,5
1924,768,28,3
1925,768,22,5
1926,769,25,4
1927,770,37,2
1928,770,27,3
1929,771,45,5
1930,771,33,5
1931,772,26,3
1932,772,2,1
1933,772,48,3
1934,772,21,5
1935,773,9,4
1936,773,8,1
1937,774,42,1
1938,774,36,5
1939,774,28,4
1940,775,2,2
1941,775,27,1
1942,775,26,1
1943,775,14,4
1944,776,37,1
1945,776,44,4
1946,777,38,5
1947,777,12,5
1948,778,44,5
1949,779,32,5
1950,779,8,2
1951,780,45,2
1952,780,21,4
1953,780,50,1
1954,780,14,4
1955,781,35,4
1956,782,40,4
1957,782,17,5
1958,782,11,3
1959,783,2,5
1960,783,14,5
1961,784,6,2
1962,784,44,3
1963,785,44,1
1964,785,41,1
1965,785,39,3
1966,786,50,4
1967,786,37,4
1968,786,40,1
1969,787,39,3
1970,787,12,5
1971,787,5,4
1972,787,40,2
1973,788,24,3
1974,789,18,5
1975,789,15,5
1976,790,43,2
1977,790,16,1
1978,790,4,4
1979,791,27,4
1980,792,25,4
1981,793,43,1
1982,793,15,3
1983,793,44,5
1984,794,7,4
1985,795,50,2
1986,795,38,5
1987,795,47,1
1988,796,1,1
1989,796,13,1
1990,796,29,4
1991,797,39,2
1992,798,41,1
1993,798,20,2
1994,798,3,1
1995,798,29,5
1996,799,34,1
1997,800,11,2
1998,800,26,5
1999,800,10,4
2000,800,34,5
2001,801,42,3
2002,801,50,3
2003,802,49,1
2004,802,2,4
2005,802,43,2
2006,803,37,4
2007,803,12,3
2008,803,42,1
2009,804,27,5
2010,805,28,5
2011,806,47,5
2012,807,8,4
2013,807,11,2
2014,807,31,1
2015,807,26,5
2016,808,34,2
2017,809,16,5
2018,810,30,1
2019,811,27,3
2020,811,13,3
2021,812,14,4
2022,812,21,2
2023,812,39,3
2024,813,34,1
2025,813,44,1
2026,813,32,2
2027,814,48,3
2028,815,20,3
2029,815,11,2
2030,816,39,2
2031,816,2,2
2032,816,38,4
2033,816,6,3
2034,817,1,5
2035,817,12,3
2036,818,26,5
2037,818,46,4
2038,818,4,4
2039,818,16,1
2040,819,49,2
2041,819,19,4
2042,820,9,3
2043,820,49,1
2044,820,45,3
2045,821,15,4
2046,821,45,3
2047,821,49,5
2048,822,45,5
2049,823,24,1
2050,823,50,2
2051,823,18,4
2052,823,44,3
2053,824,8,5
2054,824,23,4
2055,825,16,4
2056,825,34,4
2057,825,24,2
2058,825,18,2
2059,826,15,1
2060,826,28,4
2061,827,30,5
2062,827,39,4
2063,827,50,3
2064,827,40,5
2065,828,9,3
2066,829,37,2
2067,829,32,2
2068,829,43,1
2069,830,12,4
2070,830,39,2
2071,830,34,2
2072,831,37,4
2073,831,40,4
2074,831,9,4
2075,831,1,1
2076,832,37,2
2077,832,38,3
2078,832,27,4
2079,832,12,5
2080,833,38,5
2081,833,48,5
2082,834,14,5
2083,834,21,4
2084,835,36,4
2085,835,33,4
2086,835,30,5
2087,835,46,2
2088,836,50,3
2089,836,28,1
2090,836,1,2
2091,837,34,5
2092,837,12,3
2093,837,4,5
2094,838,7,2
2095,838,21,5
2096,839,49,1
2097,839,39,2
2098,840,26,1
2099,840,1,1
2100,841,19,3
2101,842,42,4
2102,843,10,1
2103,843,40,3
2104,843,47,2
2105,843,48,1
2106,844,47,2
2107,844,37,3
2108,844,5,1
2109,845,14,5
2110,846,21,4
2111,846,10,2
2112,846,41,1
2113,846,35,5
2114,847,42,3
2115,847,21,2
2116,847,43,2
2117,847,25,3
2118,848,22,5
2119,849,4,2
2120,849,34,2
2121,850,15,4
2122,850,2,4
2123,850,37,4
2124,851,40,3
2125,852,9,1
2126,852,37,3
2127,852,50,4
2128,852,35,5
2129,853,1,4
2130,853,6,3
2131,854,41,4
2132,854,1,5
2133,855,27,5
2134,855,7,3
2135,855,34,4
2136,855,28,2
2137,856,1,3
2138,856,20,4
2139,856,16,3
2140,857,46,2
2141,858,15,2
2142,858,5,4
2143,858,43,5
2144,859,26,1
2145,859,7,4
2146,859,1,4
2147,860,13,4
2148,860,42,3
2149,860,11,1
2150,860,5,2
2151,861,6,2
2152,861,49,1
2153,861,37,2
2154,861,43,3
2155,862,38,2
2156,863,13,2
2157,863,14,3
2158,863,30,2
2159,863,3,3
2160,864,18,5
2161,864,29,5
2162,864,19,1
2163,865,32,4
2164,865,28,5
2165,865,2,4
2166,866,50,3
2167,866,15,1
2168,867,45,4
2169,868,21,5
2170,868,5,1
2171,868,50,4
2172,868,49,1
2173,869,6,2
2174,869,31,2
2175,869,45,5
2176,870,6,4
2177,870,18,2
2178,870,23,3
2179,871,39,1
2180,872,33,3
2181,872,1,5
2182,872,23,1
2183,873,21,4
2184,874,18,4
2185,874,46,3
2186,874,40,2
2187,875,26,1
2188,876,31,1
2189,876,1,5
2190,876,4,2
2191,876,19,1
2192,877,21,5
2193,877,20,3
2194,877,8,1
2195,878,39,5
2196,878,46,2
2197,879,6,1
2198,879,35,2
2199,880,26,1
2200,880,50,2
2201,880,11,5
2202,880,48,3
2203,881,44,1
2204,881,18,4
2205,881,41,5
2206,881,45,5
2207,882,10,4
2208,883,11,3
2209,883,39,1
2210,883,45,4
2211,884,45,5
2212,884,28,2
2213,884,46,2
2214,885,22,4
2215,885,47,2
2216,886,4,5
2217,886,13,4
2218,887,17,5
2219,887,2,1
2220,887,33,4
2221,888,3,5
2222,888,33,4
2223,888,47,1
2224,888,39,5
2225,889,3,1
2226,889,44,5
2227,890,35,3
2228,891,6,2
2229,891,13,4
2230,892,7,5
2231,892,22,3
2232,892,35,5
2233,892,18,1
2234,893,11,2
2235,893,26,1
2236,893,16,1
2237,894,3,2
2238,894,19,2
2239,894,30,1
2240,894,44,3
2241,895,39,1
2242,895,31,4
2243,896,18,4
2244,896,24,1
2245,896,46,5
2246,896,19,2
2247,897,6,1
2248,897,29,3
2249,898,48,3
2250,898,5,2
2251,898,40,5
2252,898,37,3
2253,899,32,4
2254,899,25,2
2255,899,27,2
2256,899,9,3
2257,900,1,4
2258,900,24,1
2259,900,15,5
2260,900,9,3
2261,901,9,3
2262,902,36,4
2263,902,29,5
2264,902,1,4
2265,902,14,1
2266,903,4,1
2267,903,26,4
2268,903,16,4
2269,904,28,3
2270,904,1,1
2271,905,47,1
2272,905,34,4
2273,906,1,5
2274,906,40,1
2275,906,35,1
2276,907,38,5
2277,907,3,1
2278,908,4,2
2279,908,48,1
2280,909,24,1
2281,909,9,5
2282,910,22,2
2283,910,11,4
2284,910,45,3
2285,911,45,1
2286,911,39,5
2287,911,24,2
2288,911,15,4
2289,912,4,5
2290,913,3,4
2291,913,9,3
2292,913,30,3
2293,913,23,3
2294,914,41,1
2295,914,38,3
2296,914,9,3
2297,915,45,2
2298,915,19,5
2299,915,22,1
2300,916,36,1
2301,917,46,5
2302,918,23,3
2303,918,41,3
2304,918,34,3
2305,918,14,4
2306,919,11,2
2307,919,39,1
2308,919,44,4
2309,919,24,5
2310,920,4,4
2311,920,21,1
2312,920,45,2
2313,920,27,4
2314,921,27,2
2315,922,35,4
2316,922,28,1
2317,922,2,3
2318,923,41,4
2319,923,10,1
2320,923,49,2
2321,923,27,2
2322,924,5,3
2323,924,24,1
2324,924,33,1
2325,925,13,1
2326,925,44,4
2327,925,1,2
2328,926,28,4
2329,927,21,4
2330,928,23,5
2331,929,37,2
2332,929,4,3
2333,929,24,3
2334,929,9,1
2335,930,16,3
2336,930,38,3
2337,931,37,4
2338,931,17,3
2339,931,4,3
2340,931,46,2
2341,932,44,3
2342,933,38,4
2343,933,4,1
2344,933,21,5
2345,933,47,1
2346,934,28,4
2347,934,48,5
2348,934,20,2
2349,934,46,4
2350,935,25,2
2351,935,8,2
2352,935,36,3
2353,936,17,4
2354,936,41,4
2355,936,43,5
2356,936,36,1
2357,937,44,2
2358,937,30,2
2359,937,4,4
2360,938,47,2
2361,938,6,1
2362,938,35,1
2363,938,17,5
2364,939,11,5
2365,939,2,3
2366,940,32,2
2367,940,16,5
2368,940,14,4
2369,940,13,2
2370,941,14,4
2371,941,37,3
2372,942,3,2
2373,942,12,3
2374,942,36,2
2375,943,26,4
2376,943,30,5
2377,944,17,4
2378,944,11,4
2379,945,40,2
2380,945,46,2
2381,946,42,2
2382,946,10,2
2383,946,3,2
2384,947,37,1
2385,948,45,4
2386,948,1,5
2387,948,5,2
2388,949,49,5
2389,949,12,3
2390,950,9,4
2391,950,14,1
2392,950,20,5
2393,951,39,4
2394,951,1,3
2395,952,6,3
2396,952,22,2
2397,952,18,4
2398,953,29,3
2399,954,37,1
2400,954,45,2
2401,954,39,5
2402,954,40,2
2403,955,2,1
2404,956,19,2
2405,956,16,2
2406,956,14,4
2407,956,44,2
2408,957,32,4
2409,957,29,4
2410,958,14,4
2411,958,5,5
2412,959,26,4
2413,960,47,4
2414,960,31,1
2415,960,2,2
2416,961,4,1
2417,961,16,3
2418,961,25,5
2419,962,11,3
2420,962,40,2
2421,962,33,3
2422,963,47,1
2423,964,46,2
2424,964,20,4
2425,964,47,3
2426,964,4,1
2427,965,31,2
2428,965,49,4
2429,965,24,4
2430,965,33,4
2431,966,24,1
2432,966,37,4
2433,967,1,2
2434,967,3,4
2435,968,33,3
2436,968,43,4
2437,969,27,3
2438,969,47,5
2439,969,5,4
2440,970,21,5
2441,970,39,2
2442,970,32,1
2443,971,38,5
2444,971,45,4
2445,972,39,5
2446,972,5,5
2447,972,17,4
2448,973,38,5
2449,974,21,5
2450,974,1,2
2451,974,19,2
2452,975,50,2
2453,975,28,2
2454,975,19,2
2455,975,14,5
2456,976,25,1
2457,976,7,2
2458,976,9,5
2459,977,43,1
2460,978,40,3
2461,978,19,2
2462,978,36,3
2463,979,1,1
2464,980,44,4
2465,980,29,2
2466,981,13,5
2467,981,38,3
2468,982,20,3
2469,982,12,4
2470,982,41,4
2471,982,11,5
2472,983,5,2
2473,983,33,2
2474,983,50,2
2475,983,34,4
2476,984,4,3
2477,984,22,1
2478,984,43,4
2479,984,35,5
2480,985,25,1
2481,986,45,3
2482,986,47,5
2483,987,26,5
2484,987,20,5
2485,987,30,5
2486,988,26,3
2487,988,2,5
2488,988,49,4
2489,989,40,4
2490,989,18,2
2491,989,37,5
2492,989,50,2
2493,990,40,4
2494,991,13,1
2495,991,26,1
2496,992,37,2
2497,993,6,1
2498,993,25,1
2499,993,26,4
2500,993,9,3
2501,994,21,5
2502,994,47,4
2503,994,29,3
2504,995,32,4
2505,995,43,3
2506,995,34,3
2507,996,32,2
2508,996,23,3
2509,996,7,4
2510,997,18,5
2511,997,1,4
2512,997,4,3
2513,997,25,5
2514,998,34,1
2515,998,9,3
2516,998,19,1
2517,998,44,4
2518,999,23,2
2519,999,17,2
2520,999,21,3
2521,999,7,3
2522,1000,5,5
2523,1000,50,5
2524,1000,33,4
2525,1001,1,2
2526,1001,10,5
2527,1001,13,4
2528,1002,2,3
2529,1002,33,4
2530,1002,50,1
2531,1002,15,1
2532,1003,2,1
2533,1003,16,5
2534,1003,27,3
2535,1003,13,3
2536,1004,14,4
2537,1004,33,1
2538,1005,3,3
2539,1005,45,1
2540,1006,2,3
2541,1006,39,1
2542,1007,18,5
2543,1007,43,1
2544,1008,41,5
2545,1008,5,4
2546,1008,39,5
2547,1008,31,4
2548,1009,18,2
2549,1009,22,5
2550,1010,8,4
2551,1010,14,5
2552,1010,24,3
2553,1011,20,3
2554,1012,30,2
2555,1013,49,4
2556,1013,50,3
2557,1013,25,5
2558,1014,37,3
2559,1015,41,1
2560,1015,15,3
2561,1015,37,5
2562,1015,17,5
2563,1016,9,4
2564,1017,11,5
2565,1018,18,1
2566,1018,10,2
2567,1018,42,1
2568,1019,34,2
2569,1019,39,3
2570,1019,49,5
2571,1020,40,2
2572,1020,2,3
2573,1020,30,2
2574,1021,15,1
2575,1022,43,5
2576,1022,30,4
2577,1022,31,4
2578,1022,19,3
2579,1023,8,1
2580,1023,43,5
2581,1023,20,4
2582,1024,44,2
2583,1024,34,2
2584,1024,47,1
2585,1025,39,5
2586,1025,21,4
2587,1026,7,2
2588,1026,37,2
2589,1026,27,2
2590,1027,28,3
2591,1027,2,5
2592,1028,46,2
2593,1028,40,4
2594,1028,49,4
2595,1028,18,4
2596,1029,34,4
2597,1029,14,2
2598,1029,7,1
2599,1030,26,1
2600,1030,12,3
2601,1030,38,1
2602,1030,14,5
2603,1031,30,5
2604,1032,19,2
2605,1032,50,4
2606,1033,22,4
2607,1033,37,5
2608,1033,20,5
2609,1034,27,2
2610,1035,9,2
2611,1035,30,2
2612,1036,8,5
2613,1036,29,1
2614,1036,40,2
2615,1036,33,2
2616,1037,31,5
2617,1037,44,1
2618,1038,46,4
2619,1039,18,4
2620,1039,46,1
2621,1039,35,5
2622,1040,30,3
2623,1040,29,3
2624,1040,38,1
2625,1041,27,5
2626,1041,32,5
2627,1041,21,1
2628,1041,13,5
2629,1042,29,2
2630,1043,33,1
2631,1043,5,3
2632,1043,23,4
2633,1043,38,5
2634,1044,36,5
2635,1045,24,4
2636,1045,33,2
2637,1045,39,4
2638,1046,33,5
2639,1046,17,5
2640,1047,27,2
2641,1047,14,1
2642,1047,34,4
2643,1047,2,4
2644,1048,10,2
2645,1049,44,5
2646,1049,7,1
2647,1049,12,3
2648,1049,8,1
2649,1050,10,5
2650,1051,42,2
2651,1051,49,1
2652,1051,7,4
2653,1051,33,1
2654,1052,25,1
2655,1052,46,1
2656,1052,49,1
2657,1052,39,4
2658,1053,15,2
2659,1053,31,5
2660,1054,25,5
2661,1054,36,2
2662,1055,18,5
2663,1055,46,4
2664,1056,39,2
2665,1056,30,3
2666,1056,3,1
2667,1057,32,5
2668,1057,21,4
2669,1057,30,5
2670,1057,33,2
2671,1058,22,4
2672,1058,23,1
2673,1059,29,2
2674,1059,16,2
2675,1059,48,1
2676,1059,7,3
2677,1060,22,3
2678,1060,41,4
2679,1060,3,1
2680,1061,9,5
2681,1061,42,4
2682,1061,6,5
2683,1062,34,3
2684,1062,18,3
2685,1063,20,3
2686,1064,7,3
2687,1064,5,1
2688,1065,31,1
2689,1065,4,2
2690,1065,42,2
2691,1066,4,5
2692,1066,13,4
2693,1066,26,1
2694,1067,41,5
2695,1067,49,5
2696,1067,26,1
2697,1068,38,4
2698,1069,40,2
2699,1069,29,2
2700,1069,35,3
2701,1069,4,3
2702,1070,28,3
2703,1070,33,4
2704,1070,19,4
2705,1071,2,4
2706,1071,49,4
2707,1071,15,3
2708,1072,5,4
2709,1073,9,3
2710,1073,40,4
2711,1074,49,5
2712,1074,32,2
2713,1075,23,5
2714,1076,24,5
2715,1076,29,2
2716,1076,46,4
2717,1076,11,2
2718,1077,33,4
2719,1078,46,2
2720,1078,3,5
2721,1079,22,5
2722,1080,46,2
2723,1080,43,2
2724,1080,20,2
2725,1081,20,4
2726,1081,6,3
2727,1082,36,3
2728,1083,35,4
2729,1083,16,4
2730,1083,38,1
2731,1084,14,4
2732,1084,20,3
2733,1084,19,4
2734,1084,25,2
2735,1085,23,5
2736,1086,35,1
2737,1086,19,4
2738,1086,42,3
2739,1087,28,1
2740,1088,1,5
2741,1088,22,1
2742,1088,11,4
2743,1088,5,5
2744,1089,42,3
2745,1090,15,3
2746,1091,43,1
2747,1091,31,5
2748,1091,25,3
2749,1092,45,4
2750,1092,32,3
2751,1093,48,2
2752,1094,35,3
2753,1094,26,2
2754,1095,50,2
2755,1095,2,4
2756,1096,48,5
2757,1096,2,4
2758,1096,37,2
2759,1097,36,2
2760,1098,25,5
2761,1098,29,4
2762,1098,30,4
2763,1098,8,4
2764,1099,5,4
2765,1099,1,2
2766,1099,9,3
2767,1099,21,2
2768,1100,9,2
2769,1101,44,2
2770,1101,45,3
2771,1102,5,2
2772,1103,28,4
2773,1103,36,3
2774,1103,15,5
2775,1103,27,1
2776,1104,31,4
2777,1105,21,2
2778,1106,18,3
2779,1106,26,3
2780,1106,8,1
2781,1107,14,3
2782,1107,16,1
2783,1108,20,3
2784,1108,26,2
2785,1108,24,4
2786,1108,28,1
2787,1109,36,4
2788,1110,32,2
2789,1110,49,4
2790,1111,5,5
2791,1111,37,3
2792,1112,40,5
2793,1112,41,2
2794,1112,22,2
2795,1112,23,4
2796,1113,25,5
2797,1113,17,1
2798,1113,6,1
2799,1113,20,2
2800,1114,1,3
2801,1114,12,3
2802,1114,48,1
2803,1115,18,3
2804,1115,50,3
2805,1116,31,5
2806,1116,10,2
2807,1116,12,5
2808,1116,35,1
2809,1117,31,2
2810,1117,49,1
2811,1117,16,3
2812,1118,18,1
2813,1118,25,3
2814,1118,47,4
2815,1119,38,3
2816,1119,13,1
2817,1119,10,1
2818,1120,45,5
2819,1120,38,5
2820,1120,30,4
2821,1121,14,1
2822,1121,5,3
2823,1121,9,1
2824,1122,19,4
2825,1122,16,4
2826,1122,29,4
2827,1123,33,2
2828,1124,45,5
2829,1125,33,5
2830,1125,4,4
2831,1125,7,2
2832,1126,20,2
2833,1127,21,1
2834,1128,17,2
2835,1129,31,1
2836,1129,35,1
2837,1129,27,4
2838,1129,11,5
2839,1130,36,4
2840,1131,3,5
2841,1132,41,3
2842,1132,34,2
2843,1132,21,3
2844,1132,28,4
2845,1133,27,5
2846,1134,10,4
2847,1135,16,1
2848,1135,47,3
2849,1136,12,2
2850,1136,46,1
2851,1136,48,4
2852,1137,4,2
2853,1138,4,5
2854,1138,12,4
2855,1139,42,1
2856,1139,45,3
2857,1139,22,2
2858,1140,19,1
2859,1140,48,1
2860,1141,10,4
2861,1141,2,4
2862,1141,26,1
2863,1142,21,1
2864,1143,21,5
2865,1143,48,2
2866,1143,38,1
2867,1144,26,4
2868,1145,14,5
2869,1145,48,2
2870,1146,9,1
2871,1146,18,1
2872,1147,15,2
2873,1147,38,2
2874,1147,9,1
2875,1148,25,1
2876,1148,9,1
2877,1148,42,5
2878,1149,5,1
2879,1150,17,3
2880,1150,35,2
2881,1151,37,2
2882,1151,7,2
2883,1152,24,5
2884,1152,12,4
2885,1153,14,2
2886,1154,47,3
2887,1154,39,3
2888,1155,44,2
2889,1155,19,3
2890,1155,22,2
2891,1155,9,5
2892,1156,20,4
2893,1156,50,1
2894,1156,40,2
2895,1156,29,3
2896,1157,28,1
2897,1157,13,5
2898,1157,18,3
2899,1157,12,2
2900,1158,49,4
2901,1158,30,2
2902,1158,41,3
2903,1158,43,5
2904,1159,12,2
2905,1159,40,3
2906,1159,31,4
2907,1160,22,2
2908,1161,26,1
2909,1161,24,3
2910,1161,22,4
2911,1161,37,4
2912,1162,24,5
2913,1162,16,1
2914,1163,27,4
2915,1163,20,3
2916,1163,7,2
2917,1163,18,2
2918,1164,38,3
2919,1164,45,4
2920,1164,24,3
2921,1164,11,4
2922,1165,47,3
2923,1165,21,2
2924,1165,43,5
2925,1165,15,5
2926,1166,9,5
2927,1166,49,5
2928,1166,41,3
2929,1166,50,2
2930,1167,19,4
2931,1167,13,4
2932,1168,20,3
2933,1168,7,4
2934,1169,11,4
2935,1170,13,2
2936,1170,48,3
2937,1170,41,3
2938,1170,36,2
2939,1171,27,5
2940,1171,36,4
2941,1171,22,2
2942,1172,27,1
2943,1173,47,5
2944,1173,35,4
2945,1173,10,5
2946,1173,19,2
2947,1174,27,1
2948,1175,15,1
2949,1175,44,1
2950,1175,33,4
2951,1176,45,1
2952,1176,30,1
2953,1177,2,2
2954,1177,32,4
2955,1178,25,4
2956,1178,4,2
2957,1179,7,3
2958,1180,31,5
2959,1180,36,2
2960,1180,46,4
2961,1180,2,3
2962,1181,8,1
2963,1181,9,3
2964,1182,13,4
2965,1182,38,4
2966,1182,50,2
2967,1182,20,3
2968,1183,10,2
2969,1183,48,4
2970,1183,38,3
2971,1184,49,2
2972,1184,26,5
2973,1184,14,1
2974,1185,9,3
2975,1185,48,1
2976,1185,38,2
2977,1185,41,4
2978,1186,33,1
2979,1186,43,2
2980,1186,6,4
2981,1187,46,1
2982,1187,19,5
2983,1187,37,4
2984,1187,30,4
2985,1188,27,5
2986,1189,14,2
2987,1189,22,5
2988,1190,3,1
2989,1191,7,5
2990,1191,11,1
2991,1191,23,1
2992,1191,50,4
2993,1192,37,3
2994,1192,39,5
2995,1193,49,1
2996,1194,15,3
2997,1194,18,2
2998,1195,43,3
2999,1195,27,5
3000,1195,31,1
3001,1195,14,3
3002,1196,37,5
3003,1197,6,1
3004,1197,47,4
3005,1197,4,4
3006,1198,3,3
3007,1198,5,5
3008,1199,7,4
3009,1200,19,5
3010,1201,50,1
3011,1202,20,2
3012,1203,10,5
3013,1204,27,1
3014,1204,8,1
3015,1204,26,5
3016,1204,35,5
3017,1205,16,3
3018,1206,8,2
3019,1206,50,3
3020,1207,20,2
3021,1207,36,1
3022,1207,17,2
3023,1208,13,1
3024,1208,5,4
3025,1208,28,5
3026,1209,32,5
3027,1210,14,5
3028,1211,4,1
3029,1211,6,1
3030,1211,21,4
3031,1211,31,1
3032,1212,9,1
3033,1212,46,5
3034,1213,2,4
3035,1213,9,1
3036,1213,20,2
3037,1214,19,1
3038,1215,9,5
3039,1216,41,4
3040,1216,20,1
3041,1216,21,5
3042,1216,9,2
3043,1217,31,4
3044,1217,33,3
3045,1217,24,4
3046,1217,32,2
3047,1218,16,5
3048,1219,3,4
3049,1220,40,4
3050,1220,8,1
3051,1220,43,5
3052,1221,11,2
3053,1221,16,1
3054,1221,42,3
3055,1222,4,2
3056,1222,5,1
3057,1222,46,3
3058,1223,22,4
3059,1223,4,5
3060,1224,43,4
3061,1224,12,5
3062,1224,25,3
3063,1224,5,3
3064,1225,11,4
3065,1225,21,3
3066,1225,12,1
3067,1226,9,3
3068,1227,32,4
3069,1227,47,5
3070,1227,5,5
3071,1228,34,4
3072,1228,23,5
3073,1228,28,3
3074,1229,4,3
3075,1229,2,1
3076,1230,28,4
3077,1230,29,2
3078,1230,23,3
3079,1231,50,2
3080,1231,33,2
3081,1231,19,4
3082,1232,30,2
3083,1233,26,3
3084,1233,9,4
3085,1233,49,3
3086,1233,42,1
3087,1234,25,1
3088,1234,1,1
3089,1234,31,1
3090,1235,42,2
3091,1235,18,1
3092,1235,8,4
3093,1236,12,5
3094,1236,17,4
3095,1236,3,1
3096,1236,45,1
3097,1237,41,4
3098,1238,35,3
3099,1238,39,1
3100,1238,4,4
3101,1238,44,2
3102,1239,1,4
3103,1239,31,2
3104,1240,33,1
3105,1240,47,1
3106,1241,43,2
3107,1241,11,2
3108,1241,9,5
3109,1242,12,2
3110,1242,36,3
3111,1243,35,3
3112,1244,21,3
3113,1244,10,5
3114,1244,34,5
3115,1244,13,5
3116,1245,3,1
3117,1245,1,1
3118,1245,18,5
3119,1246,29,2
3120,1246,39,3
3121,1246,8,1
3122,1247,16,3
3123,1248,50,3
3124,1249,21,4
3125,1249,50,2
3126,1250,50,5
3127,1250,42,5
3128,1251,1,3
3129,1251,28,1
3130,1252,32,5
3131,1252,36,4
3132,1252,3,5
3133,1253,2,5
3134,1253,9,1
3135,1254,2,3
3136,1255,40,3
3137,1256,16,5
3138,1256,20,3
3139,1256,5,2
3140,1257,42,3
3141,1258,31,4
3142,1258,36,3
3143,1258,27,2
3144,1259,12,1
3145,1260,2,2
3146,1260,25,3
3147,1261,36,2
3148,1261,42,4
3149,1261,46,5
3150,1261,2,5
3151,1262,43,2
3152,1263,15,5
3153,1264,17,5
3154,1264,16,5
3155,1264,47,1
3156,1264,26,3
3157,1265,36,4
3158,1265,21,3
3159,1265,23,5
3160,1266,45,5
3161,1266,50,3
3162,1266,2,2
3163,1267,27,5
3164,1268,37,3
3165,1268,41,3
3166,1268,4,2
3167,1268,45,5
3168,1269,1,1
3169,1269,25,4
3170,1269,5,3
3171,1269,47,4
3172,1270,16,3
3173,1270,15,3
3174,1270,29,4
3175,1270,49,1
3176,1271,26,3
3177,1272,29,1
3178,1272,27,2
3179,1273,43,5
3180,1273,36,5
3181,1273,5,1
3182,1273,20,2
3183,1274,15,5
3184,1274,41,3
3185,1274,2,2
3186,1275,47,5
3187,1275,26,4
3188,1275,40,3
3189,1275,11,3
3190,1276,30,2
3191,1276,50,3
3192,1276,32,1
3193,1277,44,2
3194,1277,12,3
3195,1277,16,2
3196,1278,20,1
3197,1278,33,1
3198,1279,6,2
3199,1279,30,3
3200,1279,46,1
3201,1280,22,5
3202,1280,16,1
3203,1280,26,3
3204,1281,21,5
3205,1281,30,1
3206,1281,19,4
3207,1282,32,4
3208,1282,37,1
3209,1283,18,3
3210,1283,11,4
3211,1284,16,2
3212,1285,43,5
3213,1285,10,3
3214,1286,23,1
3215,1286,12,3
3216,1286,15,5
3217,1287,34,2
3218,1287,25,1
3219,1288,2,4
3220,1288,9,4
3221,1288,39,2
3222,1289,29,2
3223,1290,32,3
3224,1291,39,2
3225,1291,9,1
3226,1292,6,5
3227,1292,27,2
3228,1292,30,1
3229,1293,44,2
3230,1293,16,4
3231,1293,38,4
3232,1294,31,4
3233,1294,1,2
3234,1295,23,1
3235,1295,49,2
3236,1296,15,5
3237,1297,33,3
3238,1297,3,5
3239,1298,1,1
3240,1298,12,4
3241,1298,10,1
3242,1299,7,5
3243,1300,42,2
3244,1300,16,3
3245,1301,32,4
3246,1301,39,1
3247,1302,1,1
3248,1303,12,5
3249,1304,28,2
3250,1304,7,2
3251,1304,25,3
3252,1305,46,4
3253,1305,44,1
3254,1305,18,5
3255,1305,45,3
3256,1306,39,4
3257,1306,20,5
3258,1306,1,5
3259,1307,15,3
3260,1307,1,3
3261,1308,9,2
3262,1308,48,1
3263,1309,42,1
3264,1309,41,3
3265,1309,30,3
3266,1309,35,4
3267,1310,29,2
3268,1310,47,4
3269,1310,19,1
3270,1311,40,3
3271,1312,13,1
3272,1312,44,1
3273,1312,40,4
3274,1313,28,1
3275,1313,27,3
3276,1313,46,2
3277,1313,22,4
3278,1314,5,2
3279,1314,9,5
3280,1314,2,1
3281,1314,37,3
3282,1315,36,1
3283,1315,4,5
3284,1315,27,1
3285,1315,43,2
3286,1316,16,1
3287,1316,5,4
3288,1317,41,1
3289,1317,36,4
3290,1317,44,4
3291,1317,29,4
3292,1318,22,2
3293,1318,16,2
3294,1319,44,1
3295,1319,32,5
3296,1320,38,2
3297,1320,10,4
3298,1320,5,5
3299,1321,42,4
3300,1321,33,2
3301,1321,24,4
3302,1322,6,3
3303,1323,39,2
3304,1323,20,1
3305,1324,2,2
3306,1325,22,5
3307,1325,50,5
3308,1325,16,2
3309,1325,37,2
3310,1326,14,2
3311,1327,28,5
3312,1327,23,4
3313,1327,39,4
3314,1328,9,5
3315,1328,31,3
3316,1329,32,5
3317,1330,44,4
3318,1330,32,3
3319,1331,22,2
3320,1332,3,1
3321,1332,7,3
3322,1333,25,3
3323,1334,45,4
3324,1334,28,3
3325,1335,28,2
3326,1335,29,3
3327,1336,10,4
3328,1337,18,3
3329,1337,21,2
3330,1338,32,4
3331,1338,24,3
3332,1339,40,5
3333,1339,31,4
3334,1339,27,5
3335,1339,17,3
3336,1340,11,3
3337,1340,18,1
3338,1340,37,1
3339,1340,19,3
3340,1341,41,4
3341,1341,9,5
3342,1341,21,2
3343,1341,1,5
3344,1342,21,1
3345,1342,25,2
3346,1342,35,1
3347,1342,22,4
3348,1343,49,4
3349,1343,29,4
3350,1344,39,3
3351,1344,15,1
3352,1345,38,3
3353,1345,50,2
3354,1345,14,1
3355,1345,17,2
3356,1346,20,4
3357,1347,1,2
3358,1347,12,3
3359,1347,10,4
3360,1348,36,1
3361,1348,45,3
3362,1348,43,3
3363,1348,47,4
3364,1349,9,3
3365,1349,24,1
3366,1349,8,4
3367,1349,34,1
3368,1350,15,5
3369,1350,42,5
3370,1351,6,4
3371,1351,19,5
3372,1352,50,2
3373,1352,16,4
3374,1353,45,5
3375,1353,4,3
3376,1354,5,4
3377,1354,46,4
3378,1354,26,4
3379,1355,26,2
3380,1356,41,5
3381,1356,15,4
3382,1356,43,2
3383,1356,9,1
3384,1357,5,2
3385,1358,2,5
3386,1358,4,3
3387,1359,9,5
3388,1359,25,2
3389,1359,17,2
3390,1360,28,5
3391,1360,29,4
3392,1361,33,2
3393,1362,32,1
3394,1362,47,2
3395,1362,48,4
3396,1362,41,1
3397,1363,41,5
3398,1363,44,3
3399,1363,17,4
3400,1364,2,3
3401,1364,36,4
3402,1365,37,1
3403,1365,46,2
3404,1365,4,2
3405,1366,40,1
3406,1366,24,5
3407,1366,49,2
3408,1367,4,1
3409,1367,42,1
3410,1367,1,3
3411,1368,26,3
3412,1368,8,5
3413,1368,31,1
3414,1369,14,5
3415,1370,19,3
3416,1371,4,3
3417,1372,18,2
3418,1373,23,4
3419,1374,33,2
3420,1374,22,3
3421,1374,5,2
3422,1374,44,5
3423,1375,18,5
3424,1376,31,4
3425,1376,20,3
3426,1377,33,1
3427,1377,4,5
3428,1377,13,1
3429,1378,26,5
3430,1379,25,1
3431,1379,19,4
3432,1379,29,4
3433,1380,3,1
3434,1380,6,2
3435,1380,39,4
3436,1381,26,5
3437,1382,31,1
3438,1382,45,4
3439,1383,7,3
3440,1384,28,5
3441,1384,34,5
3442,1384,8,4
3443,1384,6,4
3444,1385,23,5
3445,1385,38,2
3446,1385,48,2
3447,1385,46,2
3448,1386,5,3
3449,1386,31,1
3450,1386,3,3
3451,1386,47,5
3452,1387,24,3
3453,1387,13,3
3454,1388,38,3
3455,1389,21,5
3456,1389,29,3
3457,1389,46,2
3458,1389,10,3
3459,1390,16,5
3460,1390,38,5
3461,1391,19,4
3462,1391,11,4
3463,1392,7,4
3464,1392,30,3
3465,1393,5,3
3466,1394,28,5
3467,1394,36,2
3468,1394,32,1
3469,1395,1,5
3470,1395,10,3
3471,1396,11,2
3472,1396,30,4
3473,1397,28,2
3474,1397,38,3
3475,1397,36,3
3476,1397,42,1
3477,1398,48,2
3478,1398,46,3
3479,1398,4,2
3480,1399,20,2
3481,1399,28,1
3482,1399,7,5
3483,1400,13,4
3484,1400,1,2
3485,1400,35,1
3486,1400,37,4
3487,1401,36,2
3488,1401,46,4
3489,1402,31,1
3490,1402,30,1
3491,1402,48,5
3492,1402,49,3
3493,1403,21,4
3494,1403,9,5
3495,1404,13,1
3496,1404,1,1
3497,1404,50,4
3498,1404,39,1
3499,1405,5,2
3500,1405,4,3
3501,1406,13,3
3502,1406,19,4
3503,1407,44,3
3504,1407,4,4
3505,1408,31,4
3506,1408,7,1
3507,1408,49,5
3508,1408,40,5
3509,1409,7,5
3510,1409,25,4
3511,1409,24,3
3512,1409,46,4
3513,1410,50,1
3514,1410,30,5
3515,1410,27,5
3516,1410,19,4
3517,1411,13,3
3518,1411,19,1
3519,1412,40,3
3520,1413,11,2
3521,1413,19,4
3522,1414,13,5
3523,1414,50,2
3524,1414,30,2
3525,1415,6,1
3526,1415,38,3
3527,1416,40,1
3528,1416,46,4
3529,1417,24,3
3530,1418,43,1
3531,1418,16,3
3532,1418,27,4
3533,1418,4,5
3534,1419,6,3
3535,1420,48,1
3536,1421,5,4
3537,1422,27,1
3538,1422,1,5
3539,1423,9,4
3540,1424,36,2
3541,1424,37,3
3542,1424,46,4
3543,1425,39,2
3544,1425,30,2
3545,1425,36,3
3546,1426,33,3
3547,1426,46,4
3548,1426,14,1
3549,1427,7,5
3550,1427,19,4
3551,1428,37,2
3552,1428,6,5
3553,1428,17,4
3554,1428,25,4
3555,1429,44,1
3556,1429,16,2
3557,1429,10,1
3558,1430,45,4
3559,1430,9,3
3560,1430,43,2
3561,1430,27,5
3562,1431,20,5
3563,1431,26,3
3564,1432,38,4
3565,1432,11,2
3566,1432,47,3
3567,1433,3,1
3568,1434,2,4
3569,1434,35,1
3570,1435,20,4
3571,1436,21,1
3572,1437,36,3
3573,1438,14,1
3574,1438,10,4
3575,1438,32,2
3576,1439,42,2
3577,1440,21,2
3578,1440,27,4
3579,1441,1,1
3580,1441,6,1
3581,1442,38,1
3582,1443,5,4
3583,1443,36,5
3584,1444,47,1
3585,1445,35,5
3586,1445,3,2
3587,1445,12,3
3588,1446,5,5
3589,1446,22,2
3590,1446,35,5
3591,1447,40,2
3592,1448,17,2
3593,1449,27,4
3594,1449,28,4
3595,1449,6,2
3596,1449,16,5
3597,1450,33,1
3598,1451,9,4
3599,1451,44,5
3600,1452,23,5
3601,1453,50,3
3602,1453,30,4
3603,1453,45,1
3604,1454,46,1
3605,1454,15,1
3606,1454,5,3
3607,1455,44,2
3608,1455,50,1
3609,1456,32,5
3610,1456,13,5
3611,1456,39,3
3612,1456,29,2
3613,1457,36,5
3614,1458,48,3
3615,1459,43,5
3616,1459,28,2
3617,1460,27,1
3618,1460,47,1
3619,1460,23,4
3620,1460,42,4
3621,1461,31,4
3622,1461,45,4
3623,1461,7,4
3624,1461,33,2
3625,1462,27,4
3626,1462,16,5
3627,1463,2,4
3628,1463,6,2
3629,1463,47,4
3630,1464,12,4
3631,1464,38,4
3632,1464,11,4
3633,1464,28,5
3634,1465,37,2
3635,1466,42,2
3636,1466,26,2
3637,1466,6,5
3638,1466,21,5
3639,1467,30,3
3640,1468,21,5
3641,1468,37,1
3642,1469,21,5
3643,1469,22,4
3644,1470,30,5
3645,1470,10,4
3646,1470,28,4
3647,1470,21,3
3648,1471,36,2
3649,1472,48,3
3650,1472,35,1
3651,1472,2,1
3652,1473,8,1
3653,1473,50,4
3654,1473,29,3
3655,1474,36,1
3656,1474,38,2
3657,1474,13,5
3658,1474,37,3
3659,1475,23,1
3660,1475,6,1
3661,1475,35,3
3662,1475,29,5
3663,1476,3,1
3664,1476,4,1
3665,1476,42,5
3666,1476,24,2
3667,1477,18,2
3668,1477,39,5
3669,1477,46,4
3670,1478,23,2
3671,1478,41,1
3672,1478,30,2
3673,1478,4,5
3674,1479,2,1
3675,1479,8,2
3676,1480,41,5
3677,1480,1,4
3678,1480,5,1
3679,1481,18,1
3680,1481,11,4
3681,1481,37,5
3682,1481,49,3
3683,1482,12,2
3684,1482,11,2
3685,1483,39,5
3686,1483,14,1
3687,1483,8,4
3688,1483,41,2
3689,1484,1,4
3690,1485,2,3
3691,1485,9,2
3692,1486,42,3
3693,1486,46,5
3694,1486,28,4
3695,1486,9,3
3696,1487,31,3
3697,1487,48,1
3698,1488,32,3
3699,1488,45,3
3700,1488,6,4
3701,1489,27,4
3702,1489,44,3
3703,1489,50,1
3704,1490,35,3
3705,1490,32,3
3706,1490,14,3
3707,1490,24,2
3708,1491,22,3
3709,1491,47,4
3710,1491,5,4
3711,1492,23,3
3712,1492,33,5
3713,1492,13,2
3714,1492,43,3
3715,1493,43,5
3716,1493,23,4
3717,1494,27,2
3718,1494,32,4
3719,1495,20,2
3720,1495,34,1
3721,1495,21,4
3722,1495,16,4
3723,1496,34,5
3724,1496,31,5
3725,1496,1,3
3726,1497,11,4
3727,1497,50,5
3728,1498,43,3
3729,1498,42,3
3730,1499,47,5
3731,1499,28,3
3732,1500,23,1
3733,1501,21,1
3734,1501,4,5
3735,1501,24,2
3736,1502,26,1
3737,1502,30,1
3738,1502,11,4
3739,1503,18,5
3740,1503,12,2
3741,1504,45,4
3742,1505,15,5
3743,1505,48,3
3744,1505,32,3
3745,1505,10,3
3746,1506,16,5
3747,1507,5,4
3748,1508,22,3
3749,1508,36,1
3750,1509,3,1
3751,1509,44,3
3752,1509,9,3
3753,1510,43,2
3754,1511,20,2
3755,1512,15,4
3756,1512,5,5
3757,1512,9,3
3758,1513,15,4
3759,1513,49,5
3760,1514,13,1
3761,1514,6,1
3762,1514,47,2
3763,1515,43,5
3764,1515,23,1
3765,1516,11,2
3766,1516,26,4
3767,1516,23,3
3768,1517,36,4
3769,1517,28,2
3770,1518,8,5
3771,1518,45,3
3772,1518,4,4
3773,1519,34,5
3774,1519,13,3
3775,1520,19,3
3776,1520,22,4
3777,1520,6,1
3778,1521,38,2
3779,1522,7,3
3780,1522,6,3
3781,1522,31,3
3782,1523,49,4
3783,1523,44,1
3784,1523,15,4
3785,1524,31,5
3786,1524,12,1
3787,1525,30,3
3788,1525,13,4
3789,1525,16,1
3790,1525,29,2
3791,1526,43,3
3792,1527,24,2
3793,1527,28,4
3794,1527,47,3
3795,1527,49,1
3796,1528,49,1
3797,1528,28,5
3798,1529,34,4
3799,1529,8,4
3800,1529,33,2
3801,1530,38,5
3802,1531,28,5
3803,1532,6,4
3804,1532,39,2
3805,1533,16,5
3806,1534,5,4
3807,1534,28,1
3808,1534,48,3
3809,1535,3,5
3810,1535,46,5
3811,1535,22,5
3812,1536,9,4
3813,1536,44,4
3814,1537,44,2
3815,1537,7,2
3816,1538,15,5
3817,1538,50,5
3818,1538,34,1
3819,1539,33,3
3820,1539,23,2
3821,1539,6,1
3822,1540,24,2
3823,1540,39,4
3824,1541,24,2
3825,1541,3,5
3826,1541,44,2
3827,1542,7,3
3828,1542,16,2
3829,1543,24,4
3830,1543,50,2
3831,1543,29,5
3832,1543,25,5
3833,1544,8,3
3834,1545,38,3
3835,1545,2,3
3836,1545,48,2
3837,1546,34,2
3838,1547,16,3
3839,1547,28,2
3840,1547,40,1
3841,1548,44,2
3842,1549,31,1
3843,1549,8,3
3844,1549,44,1
3845,1549,42,4
3846,1550,44,1
3847,1550,38,4
3848,1551,25,1
3849,1551,22,4
3850,1552,11,1
3851,1552,33,4
3852,1553,44,1
3853,1553,40,1
3854,1554,15,1
3855,1554,40,5
3856,1554,10,5
3857,1554,11,2
3858,1555,37,2
3859,1555,5,4
3860,1555,21,4
3861,1555,29,4
3862,1556,50,1
3863,1557,9,4
3864,1557,37,4
3865,1557,33,1
3866,1558,42,5
3867,1558,19,1
3868,1558,23,3
3869,1558,39,2
3870,1559,17,3
3871,1560,4,1
3872,1560,1,2
3873,1560,12,4
3874,1561,36,5
3875,1561,32,5
3876,1562,14,3
3877,1563,4,3
3878,1563,11,5
3879,1563,39,4
3880,1564,49,1
3881,1564,26,3
3882,1564,4,1
3883,1564,16,5
3884,1565,18,4
3885,1565,27,3
3886,1566,41,2
3887,1566,5,2
3888,1566,35,4
3889,1567,3,1
3890,1568,36,2
3891,1568,43,4
3892,1569,5,3
3893,1569,4,1
3894,1570,16,4
3895,1570,18,1
3896,1571,35,3
3897,1572,10,1
3898,1572,1,2
3899,1573,24,2
3900,1573,16,1
3901,1574,44,1
3902,1574,47,4
3903,1575,47,4
3904,1576,27,2
3905,1576,1,5
3906,1577,42,4
3907,1578,48,5
3908,1578,25,1
3909,1579,48,3
3910,1579,33,4
3911,1579,38,4
3912,1579,46,4
3913,1580,3,3
3914,1580,2,2
3915,1581,17,1
3916,1582,31,1
3917,1583,8,5
3918,1583,28,3
3919,1583,16,1
3920,1583,18,5
3921,1584,7,4
3922,1584,12,1
3923,1584,14,5
3924,1585,6,5
3925,1585,49,1
3926,1585,8,5
3927,1586,42,3
3928,1586,20,3
3929,1586,24,4
3930,1587,10,3
3931,1587,40,4
3932,1587,26,1
3933,1587,23,5
3934,1588,30,4
3935,1588,28,1
3936,1589,29,1
3937,1589,47,5
3938,1590,49,5
3939,1590,10,3
3940,1590,28,4
3941,1590,16,1
3942,1591,48,4
3943,1591,26,4
3944,1592,2,3
3945,1592,24,4
3946,1593,30,2
3947,1593,7,5
3948,1594,48,2
3949,1594,19,2
3950,1594,3,3
3951,1594,11,4
3952,1595,20,3
3953,1596,25,2
3954,1596,12,2
3955,1596,32,1
3956,1596,28,3
3957,1597,5,4
3958,1598,50,2
3959,1598,7,1
3960,1598,44,3
3961,1598,20,2
3962,1599,33,5
3963,1599,15,4
3964,1599,8,5
3965,1600,14,1
3966,1600,27,3
3967,1600,17,4
3968,1600,31,3
3969,1601,35,5
3970,1601,37,4
3971,1601,25,1
3972,1601,38,2
3973,1602,36,1
3974,1602,50,3
3975,1602,15,5
3976,1602,1,2
3977,1603,44,4
3978,1603,39,2
3979,1603,42,1
3980,1603,15,3
3981,1604,48,5
3982,1604,10,1
3983,1605,31,4
3984,1605,4,3
3985,1606,18,1
3986,1606,5,3
3987,1607,25,2
3988,1608,6,5
3989,1609,11,4
3990,1609,9,1
3991,1609,33,5
3992,1609,18,2
3993,1610,6,5
3994,1611,29,5
3995,1612,42,4
3996,1612,4,5
3997,1612,31,5
3998,1612,22,5
3999,1613,37,5
4000,1613,31,5
4001,1613,19,4
4002,1614,21,2
4003,1615,7,1
4004,1615,32,1
4005,1616,35,4
4006,1616,27,3
4007,1616,22,5
4008,1617,36,5
4009,1618,1,4
4010,1619,32,2
4011,1620,27,4
4012,1620,16,2
4013,1620,7,1
4014,1621,39,3
4015,1621,30,3
4016,1622,12,1
4017,1622,48,4
4018,1622,49,5
4019,1622,27,3
4020,1623,14,1
4021,1623,32,1
4022,1623,36,5
4023,1623,33,2
4024,1624,26,5
4025,1625,45,1
4026,1625,4,2
4027,1626,32,1
4028,1627,32,2
4029,1627,23,1
4030,1627,13,4
4031,1627,44,2
4032,1628,27,2
4033,1628,8,1
4034,1629,40,5
4035,1629,34,1
4036,1629,22,1
4037,1629,18,3
4038,1630,16,4
4039,1631,39,3
4040,1631,23,3
4041,1632,33,4
4042,1632,15,2
4043,1632,22,5
4044,1633,10,4
4045,1634,47,2
4046,1634,14,2
4047,1634,39,3
4048,1635,7,1
4049,1635,29,5
4050,1635,18,2
4051,1636,36,3
4052,1636,5,4
4053,1636,41,4
4054,1637,7,2
4055,1637,46,2
4056,1638,3,4
4057,1638,8,2
4058,1638,45,5
4059,1638,35,5
4060,1639,23,2
4061,1639,17,5
4062,1639,7,3
4063,1640,15,4
4064,1640,7,2
4065,1640,21,1
4066,1641,1,4
4067,1641,50,5
4068,1642,34,5
4069,1642,43,1
4070,1642,48,5
4071,1642,22,4
4072,1643,24,4
4073,1643,38,2
4074,1643,35,3
4075,1644,36,5
4076,1645,45,4
4077,1645,7,4
4078,1646,22,1
4079,1646,42,4
4080,1647,33,4
4081,1647,5,2
4082,1647,14,4
4083,1647,40,4
4084,1648,31,2
4085,1649,31,2
4086,1650,1,3
4087,1650,46,2
4088,1650,12,2
4089,1651,48,1
4090,1651,18,5
4091,1652,4,2
4092,1652,27,2
4093,1653,28,3
4094,1653,21,1
4095,1654,35,1
4096,1655,19,3
4097,1655,18,5
4098,1655,11,3
4099,1656,43,2
4100,1656,2,3
4101,1657,49,1
4102,1657,24,5
4103,1658,29,1
4104,1658,27,1
4105,1658,23,5
4106,1659,43,3
4107,1659,5,1
4108,1659,22,5
4109,1659,27,5
4110,1660,7,3
4111,1660,20,2
4112,1660,32,5
4113,1661,13,4
4114,1662,21,3
4115,1663,20,1
4116,1663,21,5
4117,1664,33,2
4118,1665,5,2
4119,1665,43,3
4120,1665,50,4
4121,1665,2,3
4122,1666,12,5
4123,1666,48,2
4124,1666,37,1
4125,1667,16,4
4126,1667,31,4
4127,1668,38,2
4128,1668,43,2
4129,1668,28,5
4130,1668,39,3
4131,1669,15,4
4132,1669,35,1
4133,1670,6,5
4134,1670,5,2
4135,1670,41,5
4136,1671,40,2
4137,1672,9,2
4138,1672,18,3
4139,1672,42,1
4140,1673,28,2
4141,1673,44,3
4142,1673,12,4
4143,1673,33,2
4144,1674,20,5
4145,1674,44,5
4146,1675,16,2
4147,1675,17,4
4148,1676,7,4
4149,1676,48,4
4150,1676,34,5
4151,1677,47,4
4152,1677,3,3
4153,1677,33,3
4154,1678,19,5
4155,1678,16,2
4156,1679,40,3
4157,1679,9,1
4158,1679,36,4
4159,1679,22,3
4160,1680,22,5
4161,1680,2,3
4162,1681,49,5
4163,1681,36,5
4164,1682,39,1
4165,1682,18,2
4166,1682,31,5
4167,1683,39,2
4168,1683,28,3
4169,1683,19,5
4170,1683,21,1
4171,1684,26,4
4172,1684,22,1
4173,1684,3,5
4174,1684,17,5
4175,1685,1,5
4176,1685,3,5
4177,1686,18,5
4178,1686,9,4
4179,1686,36,2
4180,1687,19,5
4181,1687,48,4
4182,1687,47,4
4183,1688,28,5
4184,1688,29,5
4185,1688,38,3
4186,1688,35,4
4187,1689,27,1
4188,1690,45,5
4189,1690,42,1
4190,1690,2,1
4191,1690,28,3
4192,1691,6,5
4193,1691,2,3
4194,1691,49,4
4195,1691,14,1
4196,1692,26,4
4197,1692,31,4
4198,1692,23,3
4199,1693,42,3
4200,1694,35,5
4201,1695,2,4
4202,1695,44,3
4203,1695,7,3
4204,1695,25,5
4205,1696,14,2
4206,1696,19,3
4207,1697,37,3
4208,1697,34,3
4209,1697,21,1
4210,1697,2,3
4211,1698,27,4
4212,1698,46,3
4213,1698,37,3
4214,1698,15,1
4215,1699,46,3
4216,1699,48,2
4217,1700,5,5
4218,1700,31,2
4219,1700,45,3
4220,1700,35,4
4221,1701,20,1
4222,1702,22,2
4223,1702,4,5
4224,1703,46,2
4225,1703,32,4
4226,1703,28,3
4227,1704,41,4
4228,1705,34,3
4229,1705,42,5
4230,1706,49,4
4231,1706,48,5
4232,1707,43,4
4233,1708,21,3
4234,1708,33,2
4235,1709,47,1
4236,1710,50,1
4237,1711,29,5
4238,1711,36,4
4239,1712,6,2
4240,1712,40,1
4241,1712,42,3
4242,1713,10,4
4243,1713,46,3
4244,1713,32,5
4245,1714,49,4
4246,1714,31,3
4247,1714,4,4
4248,1714,14,2
4249,1715,13,4
4250,1716,17,3
4251,1716,20,2
4252,1717,26,5
4253,1717,33,4
4254,1717,50,2
4255,1718,7,1
4256,1718,35,2
4257,1719,15,4
4258,1719,24,4
4259,1720,31,1
4260,1721,15,3
4261,1721,8,3
4262,1721,29,4
4263,1721,20,4
4264,1722,12,4
4265,1722,44,2
4266,1722,27,4
4267,1722,9,4
4268,1723,45,5
4269,1723,3,5
4270,1723,33,5
4271,1724,32,5
4272,1724,17,3
4273,1724,50,3
4274,1724,24,2
4275,1725,33,2
4276,1725,46,5
4277,1725,22,3
4278,1726,29,4
4279,1726,48,3
4280,1727,49,2
4281,1728,25,4
4282,1728,30,3
4283,1728,27,1
4284,1728,36,3
4285,1729,2,4
4286,1729,31,4
4287,1730,6,4
4288,1730,20,3
4289,1730,39,2
4290,1731,6,4
4291,1731,5,2
4292,1731,21,2
4293,1732,40,5
4294,1733,3,1
4295,1734,48,3
4296,1734,3,4
4297,1734,27,3
4298,1735,16,3
4299,1735,48,3
4300,1736,16,4
4301,1736,34,3
4302,1736,22,2
4303,1737,12,2
4304,1737,13,4
4305,1737,44,4
4306,1738,41,1
4307,1739,17,4
4308,1740,37,1
4309,1741,4,2
4310,1742,38,3
4311,1742,49,4
4312,1742,43,1
4313,1743,39,5
4314,1744,21,3
4315,1744,6,5
4316,1744,36,2
4317,1744,7,4
4318,1745,26,3
4319,1745,28,3
4320,1745,5,4
4321,1746,28,4
4322,1746,6,5
4323,1746,33,4
4324,1746,42,1
4325,1747,47,4
4326,1747,30,4
4327,1747,38,4
4328,1748,46,1
4329,1748,40,3
4330,1749,24,3
4331,1749,26,5
4332,1750,2,5
4333,1750,34,1
4334,1750,42,3
4335,1751,45,2
4336,1751,15,1
4337,1752,37,2
4338,1752,46,4
4339,1753,19,4
4340,1753,2,2
4341,1753,21,5
4342,1753,18,5
4343,1754,12,1
4344,1754,10,3
4345,1754,5,1
4346,1754,17,2
4347,1755,35,4
4348,1756,3,2
4349,1756,20,2
4350,1756,32,5
4351,1756,29,5
4352,1757,17,4
4353,1758,11,3
4354,1758,17,3
4355,1758,30,2
4356,1759,13,3
4357,1760,19,2
4358,1760,7,2
4359,1760,2,5
4360,1761,42,5
4361,1761,15,4
4362,1761,23,4
4363,1761,6,3
4364,1762,31,1
4365,1762,20,2
4366,1762,7,3
4367,1762,14,1
4368,1763,1,3
4369,1763,10,5
4370,1764,13,3
4371,1764,18,5
4372,1764,27,1
4373,1765,14,5
4374,1765,40,3
4375,1765,34,2
4376,1766,32,5
4377,1767,22,5
4378,1767,40,5
4379,1767,4,3
4380,1768,11,5
4381,1769,22,4
4382,1769,24,4
4383,1769,34,3
4384,1769,8,5
4385,1770,14,2
4386,1770,35,1
4387,1771,20,5
4388,1771,35,1
4389,1772,47,1
4390,1773,35,3
4391,1773,5,4
4392,1774,17,5
4393,1774,9,2
4394,1775,11,5
4395,1775,7,3
4396,1775,45,5
4397,1776,48,5
4398,1776,16,1
4399,1776,49,2
4400,1776,4,1
4401,1777,10,3
4402,1777,31,1
4403,1777,13,1
4404,1778,47,2
4405,1778,26,2
4406,1778,6,1
4407,1779,42,2
4408,1779,23,1
4409,1779,24,1
4410,1780,15,1
4411,1780,3,3
4412,1780,13,3
4413,1781,29,4
4414,1782,43,1
4415,1783,40,4
4416,1784,40,3
4417,1784,36,3
4418,1784,20,4
4419,1785,48,3
4420,1785,46,3
4421,1785,28,3
4422,1785,16,1
4423,1786,39,1
4424,1786,38,2
4425,1787,40,2
4426,1787,39,1
4427,1787,18,4
4428,1787,22,3
4429,1788,40,1
4430,1789,27,1
4431,1790,42,1
4432,1790,25,1
4433,1790,45,1
4434,1790,40,5
4435,1791,11,3
4436,1791,43,2
4437,1792,26,5
4438,1793,27,2
4439,1793,33,2
4440,1794,41,4
4441,1795,41,4
4442,1795,26,5
4443,1795,11,5
4444,1796,10,3
4445,1796,2,4
4446,1796,34,5
4447,1796,13,1
4448,1797,1,3
4449,1798,9,3
4450,1798,43,4
4451,1799,49,5
4452,1799,9,4
4453,1800,46,2
4454,1801,10,1
4455,1801,2,4
4456,1802,36,4
4457,1802,22,2
4458,1802,40,3
4459,1803,36,1
4460,1803,30,2
4461,1804,6,2
4462,1804,19,1
4463,1804,22,3
4464,1805,46,2
4465,1806,2,5
4466,1806,25,1
4467,1806,3,2
4468,1806,19,2
4469,1807,1,3
4470,1807,27,4
4471,1807,23,3
4472,1808,26,1
4473,1808,45,5
4474,1808,39,1
4475,1808,22,3
4476,1809,41,5
4477,1810,28,3
4478,1810,26,2
4479,1810,45,1
4480,1811,25,3
4481,1812,28,5
4482,1812,9,5
4483,1812,15,4
4484,1813,47,5
4485,1813,25,5
4486,1813,23,2
4487,1813,28,1
4488,1814,25,1
4489,1814,43,4
4490,1815,9,1
4491,1815,38,1
4492,1816,47,2
4493,1817,1,3
4494,1817,18,4
4495,1817,31,1
4496,1817,38,5
4497,1818,14,5
4498,1819,14,3
4499,1820,49,3
4500,1821,47,2
4501,1821,16,5
4502,1821,36,3
4503,1822,5,1
4504,1822,38,3
4505,1822,46,4
4506,1823,24,2
4507,1824,29,2
4508,1824,9,5
4509,1824,36,3
4510,1825,48,4
4511,1826,14,3
4512,1826,41,2
4513,1826,4,2
4514,1826,37,4
4515,1827,1,5
4516,1827,36,4
4517,1827,17,5
4518,1827,33,4
4519,1828,25,2
4520,1828,45,5
4521,1828,43,2
4522,1829,50,2
4523,1829,43,2
4524,1829,35,5
4525,1830,46,1
4526,1830,35,1
4527,1831,10,3
4528,1831,16,2
4529,1832,28,5
4530,1833,28,3
4531,1833,35,4
4532,1833,47,4
4533,1834,41,5
4534,1834,32,4
4535,1834,33,3
4536,1834,2,3
4537,1835,31,3
4538,1835,18,5
4539,1836,37,2
4540,1836,31,1
4541,1836,22,2
4542,1837,41,4
4543,1837,13,3
4544,1837,6,3
4545,1838,39,5
4546,1838,41,5
4547,1838,11,4
4548,1839,35,3
4549,1839,46,1
4550,1839,30,1
4551,1840,34,2
4552,1840,25,4
4553,1840,44,4
4554,1841,49,1
4555,1841,8,5
4556,1841,48,5
4557,1842,28,3
4558,1842,17,5
4559,1842,22,4
4560,1842,15,3
4561,1843,5,4
4562,1843,50,3
4563,1843,23,1
4564,1844,29,2
4565,1844,34,1
4566,1844,39,1
4567,1844,28,5
4568,1845,23,5
4569,1845,48,2
4570,1846,8,4
4571,1847,3,3
4572,1847,6,5
4573,1848,42,3
4574,1848,41,2
4575,1848,10,2
4576,1848,12,5
4577,1849,49,2
4578,1849,35,3
4579,1849,48,5
4580,1850,31,4
4581,1850,25,5
4582,1851,37,5
4583,1852,28,1
4584,1852,42,1
4585,1852,45,5
4586,1853,18,1
4587,1854,13,5
4588,1854,20,1
4589,1855,22,2
4590,1856,48,4
4591,1856,16,4
4592,1856,24,4
4593,1856,34,1
4594,1857,21,4
4595,1857,17,1
4596,1857,18,3
4597,1858,38,4
4598,1858,10,1
4599,1859,32,2
4600,1859,18,4
4601,1859,48,2
4602,1859,26,1
4603,1860,48,3
4604,1860,14,5
4605,1860,26,5
4606,1861,7,5
4607,1862,46,3
4608,1862,34,4
4609,1863,48,5
4610,1863,41,3
4611,1863,44,1
4612,1863,10,2
4613,1864,23,3
4614,1865,36,1
4615,1865,16,4
4616,1866,22,1
4617,1866,21,2
4618,1866,36,4
4619,1866,9,2
4620,1867,17,4
4621,1867,14,4
4622,1867,39,5
4623,1867,24,3
4624,1868,48,4
4625,1868,26,5
4626,1868,1,5
4627,1869,31,3
4628,1870,43,5
4629,1871,39,5
4630,1872,30,4
4631,1873,24,5
4632,1873,5,3
4633,1873,10,3
4634,1874,20,5
4635,1875,22,1
4636,1875,14,4
4637,1876,40,5
4638,1876,35,2
4639,1876,12,5
4640,1877,43,3
4641,1877,37,4
4642,1877,31,4
4643,1878,23,5
4644,1878,25,1
4645,1878,50,4
4646,1878,21,1
4647,1879,21,5
4648,1879,20,3
4649,1879,47,2
4650,1880,15,5
4651,1880,50,4
4652,1880,28,4
4653,1881,22,4
4654,1882,10,1
4655,1882,47,5
4656,1883,50,4
4657,1883,40,4
4658,1883,4,2
4659,1884,8,3
4660,1884,23,5
4661,1884,14,4
4662,1885,8,3
4663,1885,4,4
4664,1885,43,4
4665,1885,22,2
4666,1886,40,1
4667,1886,17,3
4668,1886,16,5
4669,1887,9,4
4670,1887,12,5
4671,1887,23,3
4672,1887,24,4
4673,1888,7,3
4674,1888,15,4
4675,1888,22,3
4676,1889,26,5
4677,1890,42,2
4678,1890,24,5
4679,1890,30,3
4680,1891,16,5
4681,1891,10,3
4682,1892,23,5
4683,1892,36,3
4684,1892,2,4
4685,1893,32,1
4686,1893,24,4
4687,1893,33,4
4688,1894,10,5
4689,1895,41,2
4690,1895,8,4
4691,1895,50,2
4692,1896,14,3
4693,1896,48,4
4694,1897,20,1
4695,1898,7,4
4696,1898,17,1
4697,1898,26,3
4698,1898,38,4
4699,1899,47,1
4700,1899,45,5
4701,1899,16,3
4702,1899,19,3
4703,1900,3,2
4704,1900,34,4
4705,1900,46,3
4706,1901,46,1
4707,1901,50,1
4708,1901,26,4
4709,1902,13,5
4710,1903,7,3
4711,1903,2,5
4712,1903,5,1
4713,1903,30,1
4714,1904,29,1
4715,1905,30,5
4716,1905,37,1
4717,1905,42,4
4718,1905,18,5
4719,1906,45,3
4720,1906,39,3
4721,1906,12,1
4722,1906,34,4
4723,1907,8,3
4724,1907,48,5
4725,1908,43,5
4726,1908,36,4
4727,1909,26,2
4728,1909,44,4
4729,1909,16,4
4730,1909,23,2
4731,1910,44,5
4732,1910,23,5
4733,1910,46,4
4734,1911,32,1
4735,1912,9,1
4736,1912,35,2
4737,1912,14,2
4738,1912,18,3
4739,1913,49,2
4740,1914,5,3
4741,1915,4,4
4742,1915,39,3
4743,1916,32,3
4744,1916,41,5
4745,1917,28,2
4746,1917,26,3
4747,1918,46,4
4748,1918,50,4
4749,1918,47,1
4750,1918,37,3
4751,1919,13,1
4752,1920,30,2
4753,1921,50,3
4754,1921,41,5
4755,1921,28,2
4756,1922,2,2
4757,1922,33,4
4758,1922,12,2
4759,1922,22,4
4760,1923,46,2
4761,1923,50,5
4762,1923,5,5
4763,1924,28,2
4764,1924,38,2
4765,1924,7,2
4766,1924,6,2
4767,1925,17,2
4768,1926,11,1
4769,1926,25,5
4770,1926,6,4
4771,1927,22,3
4772,1927,40,4
4773,1928,29,3
4774,1928,17,4
4775,1928,41,3
4776,1929,12,3
4777,1929,24,3
4778,1930,5,1
4779,1930,8,5
4780,1930,34,3
4781,1931,14,4
4782,1932,13,3
4783,1932,33,2
4784,1932,2,1
4785,1932,44,2
4786,1933,45,5
4787,1934,29,4
4788,1934,47,5
4789,1935,50,3
4790,1935,7,4
4791,1935,35,1
4792,1936,25,2
4793,1936,43,1
4794,1936,9,1
4795,1937,43,2
4796,1937,34,2
4797,1937,16,3
4798,1938,4,2
4799,1938,7,4
4800,1938,8,2
4801,1939,25,2
4802,1939,1,1
4803,1940,50,4
4804,1940,26,1
4805,1940,19,5
4806,1940,30,1
4807,1941,43,5
4808,1941,31,2
4809,1941,28,4
4810,1941,7,4
4811,1942,48,3
4812,1942,39,1
4813,1943,27,1
4814,1943,42,4
4815,1943,31,2
4816,1943,45,1
4817,1944,10,5
4818,1944,3,5
4819,1944,19,4
4820,1944,35,5
4821,1945,43,3
4822,1946,33,4
4823,1947,3,2
4824,1947,15,4
4825,1948,42,3
4826,1948,22,5
4827,1948,26,4
4828,1949,20,1
4829,1949,7,4
4830,1949,38,1
4831,1949,40,3
4832,1950,39,1
4833,1950,44,4
4834,1951,37,4
4835,1951,3,1
4836,1951,47,2
4837,1952,9,1
4838,1952,22,5
4839,1952,43,4
4840,1953,8,5
4841,1954,48,3
4842,1955,13,4
4843,1956,38,4
4844,1956,26,1
4845,1957,18,2
4846,1957,12,1
4847,1957,8,5
4848,1957,22,2
4849,1958,47,2
4850,1958,9,4
4851,1958,50,1
4852,1958,22,2
4853,1959,8,5
4854,1959,28,1
4855,1960,24,2
4856,1960,18,5
4857,1960,33,2
4858,1960,1,2
4859,1961,35,5
4860,1961,15,3
4861,1961,49,2
4862,1962,1,4
4863,1963,29,1
4864,1963,16,4
4865,1963,21,3
4866,1964,17,2
4867,1964,25,3
4868,1964,37,1
4869,1965,11,1
4870,1966,4,2
4871,1966,49,5
4872,1966,6,2
4873,1967,6,3
4874,1967,37,3
4875,1968,37,3
4876,1968,38,5
4877,1968,1,4
4878,1968,15,1
4879,1969,32,2
4880,1969,6,1
4881,1969,45,3
4882,1969,2,4
4883,1970,4,2
4884,1970,37,3
4885,1970,20,4
4886,1970,5,1
4887,1971,6,5
4888,1971,26,2
4889,1971,17,5
4890,1972,14,4
4891,1972,16,5
4892,1972,29,3
4893,1973,49,5
4894,1974,49,4
4895,1974,26,1
4896,1974,30,1
4897,1974,43,4
4898,1975,15,5
4899,1975,20,4
4900,1975,21,2
4901,1976,41,4
4902,1977,3,2
4903,1977,15,2
4904,1978,38,4
4905,1978,27,3
4906,1978,48,4
4907,1979,22,1
4908,1979,8,3
4909,1979,50,5
4910,1980,35,3
4911,1980,3,4
4912,1980,38,2
4913,1981,35,1
4914,1982,25,3
4915,1982,2,2
4916,1982,22,4
4917,1983,30,5
4918,1984,38,4
4919,1984,46,4
4920,1984,20,1
4921,1985,7,1
4922,1986,37,4
4923,1986,31,3
4924,1986,26,3
4925,1986,20,3
4926,1987,22,5
4927,1987,30,4
4928,1987,10,2
4929,1987,33,2
4930,1988,44,5
4931,1988,37,3
4932,1988,14,3
4933,1988,19,1
4934,1989,38,5
4935,1989,1,5
4936,1990,44,3
4937,1990,25,4
4938,1990,34,1
4939,1991,25,2
4940,1991,47,4
4941,1991,38,1
4942,1991,39,2
4943,1992,27,4
4944,1992,36,1
4945,1993,29,4
4946,1993,30,1
4947,1993,39,2
4948,1993,24,5
4949,1994,10,4
4950,1994,25,5
4951,1994,15,2
4952,1994,32,4
4953,1995,43,1
4954,1996,29,2
4955,1997,8,5
4956,1997,9,4
4957,1997,36,2
4958,1998,43,4
4959,1998,3,5
4960,1999,19,2
4961,1999,13,2
4962,2000,44,2
4963,2000,50,1
4964,2001,14,5
4965,2001,40,2
4966,2002,18,4
4967,2002,25,1
4968,2002,2,4
4969,2003,46,1
4970,2003,15,4
4971,2003,44,5
4972,2004,42,3
4973,2004,9,4
4974,2004,13,5
4975,2005,21,3
4976,2005,50,1
4977,2005,9,2
4978,2005,39,5
4979,2006,16,1
4980,2006,31,1
4981,2006,46,4
4982,2007,17,3
4983,2007,34,3
4984,2007,36,5
4985,2008,50,1
4986,2008,22,5
4987,2008,16,5
4988,2008,7,1
4989,2009,11,3
4990,2009,24,2
4991,2009,23,5
4992,2010,21,2
4993,2011,27,3
4994,2011,49,3
4995,2011,20,1
4996,2011,9,4
4997,2012,36,5
4998,2012,34,4
4999,2012,41,1
5000,2012,29,2
5001,2013,15,5
5002,2014,11,2
5003,2014,8,1
5004,2015,3,3
5005,2015,6,5
5006,2015,40,4
5007,2015,46,4
5008,2016,38,5
5009,2016,50,2
5010,2017,37,2
5011,2017,34,5
5012,2017,50,4
5013,2017,31,2
5014,2018,17,2
5015,2019,37,2
5016,2019,24,5
5017,2019,27,1
5018,2020,43,3
5019,2020,37,1
5020,2020,26,4
5021,2020,20,1
5022,2021,13,2
5023,2021,49,5
5024,2022,31,1
5025,2023,21,1
5026,2024,12,5
5027,2025,20,2
5028,2025,22,1
5029,2025,44,2
5030,2025,6,2
5031,2026,6,4
5032,2027,20,1
5033,2027,24,4
5034,2027,18,3
5035,2028,40,1
5036,2028,9,1
5037,2028,43,3
5038,2028,45,4
5039,2029,9,1
5040,2029,30,1
5041,2029,21,3
5042,2029,42,2
5043,2030,44,3
5044,2030,37,2
5045,2030,29,1
5046,2030,17,2
5047,2031,4,3
5048,2031,31,3
5049,2031,35,5
5050,2031,50,2
5051,2032,1,3
5052,2032,37,5
5053,2033,10,2
5054,2033,16,4
5055,2033,45,5
5056,2033,36,1
5057,2034,4,4
5058,2034,6,5
5059,2034,17,2
5060,2034,22,2
5061,2035,26,1
5062,2035,32,3
5063,2036,33,5
5064,2036,46,4
5065,2036,7,1
5066,2037,24,1
5067,2038,37,4
5068,2039,39,1
5069,2039,31,5
5070,2039,43,2
5071,2039,9,3
5072,2040,37,2
5073,2041,8,5
5074,2042,36,3
5075,2042,47,2
5076,2043,15,2
5077,2043,46,5
5078,2044,1,2
5079,2044,18,4
5080,2044,37,5
5081,2044,42,3
5082,2045,38,3
5083,2045,7,5
5084,2046,21,4
5085,2046,8,2
5086,2046,5,5
5087,2047,6,1
5088,2047,19,4
5089,2047,39,3
5090,2047,11,4
5091,2048,45,2
5092,2048,8,3
5093,2048,20,5
5094,2049,16,4
5095,2049,38,2
5096,2049,27,3
5097,2049,11,5
5098,2050,34,5
5099,2051,45,2
5100,2051,5,3
5101,2052,47,4
5102,2052,29,4
5103,2052,16,4
5104,2052,49,2
5105,2053,20,3
5106,2053,13,2
5107,2053,41,3
5108,2054,40,4
5109,2054,30,2
5110,2054,34,5
5111,2055,24,4
5112,2055,31,3
5113,2055,8,2
5114,2055,22,5
5115,2056,11,5
5116,2057,49,2
5117,2058,35,3
5118,2058,42,2
5119,2058,2,3
5120,2059,38,1
5121,2059,27,1
5122,2059,4,5
5123,2059,41,3
5124,2060,39,1
5125,2061,45,4
5126,2061,23,4
5127,2061,31,2
5128,2061,15,3
5129,2062,26,2
5130,2062,25,2
5131,2063,17,1
5132,2063,39,2
5133,2063,10,4
5134,2064,4,1
5135,2064,39,3
5136,2065,7,3
5137,2066,30,1
5138,2066,16,1
5139,2067,12,3
5140,2067,26,4
5141,2067,20,3
5142,2067,5,4
5143,2068,1,1
5144,2069,9,2
5145,2069,40,3
5146,2069,15,5
5147,2070,29,2
5148,2070,20,5
5149,2070,11,5
5150,2071,49,3
5151,2071,42,5
5152,2072,44,4
5153,2072,27,1
5154,2072,45,3
5155,2072,31,2
5156,2073,11,2
5157,2074,50,4
5158,2074,11,2
5159,2074,48,4
5160,2074,20,3
5161,2075,3,2
5162,2076,39,1
5163,2076,37,5
5164,2077,46,1
5165,2078,20,3
5166,2078,30,3
5167,2078,27,2
5168,2078,5,4
5169,2079,16,3
5170,2079,48,3
5171,2079,46,1
5172,2079,21,3
5173,2080,42,1
5174,2080,16,4
5175,2081,39,1
5176,2081,10,4
5177,2081,47,4
5178,2081,46,3
5179,2082,37,2
5180,2082,15,3
5181,2082,40,2
5182,2083,38,2
5183,2083,2,5
5184,2083,18,2
5185,2083,21,3
5186,2084,33,5
5187,2084,31,2
5188,2085,30,5
5189,2085,13,1
5190,2085,16,2
5191,2086,2,2
5192,2086,31,3
5193,2087,16,2
5194,2087,41,1
5195,2087,44,2
5196,2088,28,1
5197,2088,20,2
5198,2089,19,4
5199,2089,49,3
5200,2090,41,5
5201,2091,13,2
5202,2091,46,1
5203,2091,30,2
5204,2092,23,3
5205,2092,3,1
5206,2093,4,1
5207,2093,9,1
5208,2093,16,4
5209,2093,21,1
5210,2094,23,4
5211,2094,21,1
5212,2094,35,5
5213,2095,41,3
5214,2095,45,2
5215,2095,4,2
5216,2096,22,1
5217,2096,26,1
5218,2096,20,5
5219,2097,24,2
5220,2097,6,3
5221,2098,33,4
5222,2098,3,5
5223,2099,38,1
5224,2100,47,1
5225,2100,23,3
5226,2101,47,3
5227,2101,45,5
5228,2102,49,4
5229,2102,5,1
5230,2102,40,3
5231,2103,49,1
5232,2103,21,4
5233,2103,23,4
5234,2103,32,2
5235,2104,33,2
5236,2104,41,3
5237,2105,16,4
5238,2105,2,2
5239,2105,28,1
5240,2105,8,5
5241,2106,46,3
5242,2106,28,2
5243,2106,16,1
5244,2107,30,4
5245,2108,21,1
5246,2109,10,5
5247,2109,4,5
5248,2109,21,4
5249,2110,43,5
5250,2110,42,4
5251,2110,27,4
5252,2111,20,2
5253,2112,45,1
5254,2112,28,5
5255,2113,48,5
5256,2114,7,1
5257,2115,19,4
5258,2116,4,2
5259,2117,32,5
5260,2117,33,5
5261,2118,35,5
5262,2119,3,4
5263,2119,18,1
5264,2120,16,4
5265,2120,36,5
5266,2120,34,4
5267,2120,8,5
5268,2121,6,3
5269,2121,34,4
5270,2121,44,5
5271,2122,23,1
5272,2123,22,5
5273,2123,26,2
5274,2123,49,4
5275,2123,36,4
5276,2124,34,1
5277,2124,3,4
5278,2125,46,2
5279,2125,32,1
5280,2126,44,3
5281,2127,10,2
5282,2127,41,3
5283,2127,13,4
5284,2127,30,3
5285,2128,30,5
5286,2129,47,1
5287,2129,46,5
5288,2130,4,4
5289,2130,50,5
5290,2131,34,5
5291,2131,49,3
5292,2131,39,1
5293,2131,38,3
5294,2132,19,2
5295,2132,39,4
5296,2132,36,4
5297,2133,17,4
5298,2134,17,4
5299,2134,37,5
5300,2134,3,5
5301,2134,28,4
5302,2135,24,4
5303,2135,5,1
5304,2135,36,1
5305,2135,22,4
5306,2136,23,3
5307,2136,28,5
5308,2136,3,3
5309,2137,14,1
5310,2137,20,5
5311,2137,16,1
5312,2137,49,4
5313,2138,38,1
5314,2138,10,1
5315,2139,23,3
5316,2139,34,4
5317,2140,49,4
5318,2140,14,4
5319,2140,16,4
5320,2141,2,2
5321,2141,44,1
5322,2142,32,1
5323,2142,45,5
5324,2142,36,2
5325,2142,31,4
5326,2143,24,3
5327,2144,44,2
5328,2144,10,3
5329,2144,1,1
5330,2144,7,2
5331,2145,19,1
5332,2145,22,1
5333,2145,21,3
5334,2146,38,1
5335,2146,3,5
5336,2146,33,5
5337,2147,37,4
5338,2147,32,4
5339,2148,34,4
5340,2148,33,2
5341,2149,25,2
5342,2149,7,1
5343,2149,26,2
5344,2150,16,1
5345,2150,34,1
5346,2150,15,1
5347,2151,19,2
5348,2152,11,5
5349,2152,40,2
5350,2152,20,1
5351,2153,45,4
5352,2153,46,5
5353,2153,18,5
5354,2153,7,4
5355,2154,18,4
5356,2154,27,2
5357,2154,49,5
5358,2155,45,5
5359,2155,13,5
5360,2155,23,4
5361,2155,7,2
5362,2156,22,4
5363,2156,10,3
5364,2157,4,2
5365,2157,1,1
5366,2157,11,2
5367,2157,9,2
5368,2158,3,4
5369,2158,24,4
5370,2158,25,1
5371,2159,24,3
5372,2159,6,5
5373,2160,17,1
5374,2161,50,1
5375,2161,33,3
5376,2162,27,4
5377,2163,3,2
5378,2163,46,2
5379,2163,35,5
5380,2163,8,2
5381,2164,34,3
5382,2164,36,4
5383,2164,19,5
5384,2164,50,1
5385,2165,13,2
5386,2165,27,4
5387,2165,6,4
5388,2165,21,5
5389,2166,36,3
5390,2166,19,2
5391,2166,20,1
5392,2167,11,5
5393,2167,17,2
5394,2168,35,1
5395,2168,26,2
5396,2168,13,4
5397,2169,30,3
5398,2169,5,3
5399,2170,15,1
5400,2171,35,1
5401,2172,25,4
5402,2172,44,5
5403,2173,17,1
5404,2174,43,4
5405,2174,37,1
5406,2175,6,1
5407,2175,2,5
5408,2175,17,5
5409,2175,30,1
5410,2176,38,5
5411,2177,47,4
5412,2177,21,5
5413,2178,20,4
5414,2178,47,4
5415,2179,19,1
5416,2179,5,2
5417,2180,6,1
5418,2180,18,5
5419,2180,13,1
5420,2181,36,1
5421,2182,1,2
5422,2182,22,2
5423,2182,6,3
5424,2183,29,5
5425,2184,20,3
5426,2185,3,1
5427,2185,33,5
5428,2185,24,3
5429,2185,27,1
5430,2186,30,5
5431,2186,7,4
5432,2186,19,5
5433,2186,43,2
5434,2187,2,2
5435,2188,17,3
5436,2189,18,2
5437,2189,21,4
5438,2189,31,3
5439,2189,9,4
5440,2190,4,3
5441,2190,30,1
5442,2190,47,2
5443,2191,29,3
5444,2191,17,5
5445,2192,1,5
5446,2192,39,1
5447,2192,15,2
5448,2192,16,4
5449,2193,6,4
5450,2193,12,3
5451,2193,41,1
5452,2194,25,1
5453,2195,11,4
5454,2195,28,3
5455,2196,5,5
5456,2196,45,1
5457,2197,32,1
5458,2197,26,1
5459,2197,16,1
5460,2198,35,5
5461,2199,42,1
5462,2199,22,2
5463,2199,19,3
5464,2199,27,2
5465,2200,3,1
5466,2200,25,3
5467,2200,19,4
5468,2200,2,3
5469,2201,30,4
5470,2201,39,5
5471,2201,20,5
5472,2201,36,5
5473,2202,33,1
5474,2202,17,4
5475,2202,34,1
5476,2203,26,1
5477,2203,7,1
5478,2204,30,4
5479,2204,1,4
5480,2204,49,2
5481,2204,5,4
5482,2205,37,2
5483,2205,20,2
5484,2205,39,1
5485,2206,34,4
5486,2206,7,1
5487,2206,8,5
5488,2206,5,4
5489,2207,3,3
5490,2208,11,1
5491,2209,19,3
5492,2209,6,5
5493,2209,23,4
5494,2210,18,3
5495,2210,15,5
5496,2210,43,4
5497,2210,34,3
5498,2211,11,1
5499,2211,15,4
5500,2211,37,1
5501,2212,47,3
5502,2212,15,2
5503,2213,49,1
5504,2214,40,5
5505,2214,45,2
5506,2214,38,4
5507,2215,23,1
5508,2215,14,5
5509,2215,47,4
5510,2215,25,4
5511,2216,7,2
5512,2216,30,5
5513,2217,49,2
5514,2217,28,3
5515,2217,45,5
5516,2218,46,5
5517,2218,47,3
5518,2218,10,5
5519,2218,13,4
5520,2219,43,2
5521,2219,16,4
5522,2219,40,4
5523,2220,43,1
5524,2220,6,2
5525,2220,17,3
5526,2220,45,5
5527,2221,8,4
5528,2221,49,5
5529,2222,29,3
5530,2222,3,3
5531,2222,28,5
5532,2222,1,1
5533,2223,15,2
5534,2223,21,1
5535,2223,30,1
5536,2223,39,4
5537,2224,22,4
5538,2224,2,5
5539,2225,24,3
5540,2225,49,4
5541,2226,26,5
5542,2226,14,5
5543,2226,38,4
5544,2227,7,3
5545,2228,24,2
5546,2228,32,5
5547,2228,1,2
5548,2229,43,1
5549,2229,9,5
5550,2229,31,4
5551,2230,48,3
5552,2230,38,2
5553,2230,10,5
5554,2230,24,1
5555,2231,2,4
5556,2231,40,1
5557,2231,12,1
5558,2232,43,1
5559,2233,43,1
5560,2234,21,4
5561,2235,27,1
5562,2236,13,5
5563,2236,36,5
5564,2236,17,1
5565,2236,50,2
5566,2237,15,1
5567,2238,44,5
5568,2239,42,2
5569,2239,49,5
5570,2240,43,5
5571,2240,25,1
5572,2240,37,5
5573,2241,31,2
5574,2241,9,1
5575,2241,13,1
5576,2241,44,3
5577,2242,34,4
5578,2242,8,2
5579,2242,32,4
5580,2243,21,1
5581,2243,47,5
5582,2243,27,2
5583,2244,5,5
5584,2244,50,5
5585,2245,9,4
5586,2245,2,2
5587,2246,34,4
5588,2247,8,1
5589,2247,31,2
5590,2247,25,1
5591,2248,13,3
5592,2248,27,1
5593,2249,39,2
5594,2249,16,3
5595,2249,28,5
5596,2249,33,5
5597,2250,27,4
5598,2251,18,2
5599,2251,1,5
5600,2251,16,1
5601,2251,10,5
5602,2252,43,3
5603,2252,12,2
5604,2253,41,4
5605,2253,26,1
5606,2254,25,2
5607,2254,39,4
5608,2255,39,3
5609,2255,40,2
5610,2255,37,2
5611,2256,12,3
5612,2256,40,3
5613,2256,27,3
5614,2257,49,4
5615,2257,16,5
5616,2257,48,4
5617,2258,8,1
5618,2259,15,3
5619,2259,3,1
5620,2259,28,5
5621,2260,21,5
5622,2261,31,3
5623,2261,6,5
5624,2261,22,1
5625,2261,21,4
5626,2262,50,5
5627,2262,31,4
5628,2263,11,3
5629,2264,45,2
5630,2265,46,3
5631,2266,16,4
5632,2266,30,2
5633,2266,11,4
5634,2266,8,4
5635,2267,14,2
5636,2268,21,3
5637,2268,33,1
5638,2269,12,5
5639,2270,23,5
5640,2270,43,5
5641,2270,40,4
5642,2271,50,5
5643,2271,15,2
5644,2271,47,5
5645,2271,30,3
5646,2272,38,1
5647,2272,21,5
5648,2272,49,2
5649,2272,23,3
5650,2273,18,1
5651,2273,44,4
5652,2273,6,2
5653,2273,5,4
5654,2274,1,4
5655,2274,14,2
5656,2274,46,3
5657,2274,34,4
5658,2275,28,5
5659,2275,7,3
5660,2275,11,2
5661,2275,24,2
5662,2276,2,5
5663,2276,1,1
5664,2277,26,5
5665,2277,16,2
5666,2277,3,5
5667,2278,41,5
5668,2278,17,2
5669,2279,15,4
5670,2279,11,5
5671,2279,8,5
5672,2279,3,2
5673,2280,11,4
5674,2281,46,3
5675,2281,28,3
5676,2282,10,4
5677,2282,12,2
5678,2282,1,1
5679,2283,40,4
5680,2284,36,3
5681,2285,35,3
5682,2285,31,1
5683,2286,44,5
5684,2286,46,4
5685,2286,11,2
5686,2286,32,4
5687,2287,5,3
5688,2287,11,3
5689,2287,40,3
5690,2288,44,1
5691,2289,24,1
5692,2290,33,1
5693,2291,45,3
5694,2291,35,2
5695,2291,50,2
5696,2292,12,1
5697,2292,14,2
5698,2292,45,4
5699,2292,4,1
5700,2293,9,2
5701,2293,16,5
5702,2293,21,2
5703,2293,3,1
5704,2294,43,2
5705,2294,18,3
5706,2295,30,2
5707,2295,22,5
5708,2296,28,5
5709,2297,36,5
5710,2297,2,1
5711,2298,46,4
5712,2298,26,4
5713,2298,15,5
5714,2298,8,4
5715,2299,47,2
5716,2299,44,2
5717,2299,20,1
5718,2299,1,3
5719,2300,18,1
5720,2300,17,4
5721,2300,5,1
5722,2301,26,1
5723,2301,17,1
5724,2301,38,5
5725,2301,30,3
5726,2302,48,1
5727,2302,22,1
5728,2302,36,3
5729,2303,32,4
5730,2304,10,2
5731,2304,38,5
5732,2304,27,1
5733,2305,19,1
5734,2305,7,3
5735,2306,21,1
5736,2307,40,1
5737,2307,37,2
5738,2307,46,1
5739,2307,27,3
5740,2308,46,3
5741,2308,22,2
5742,2309,45,2
5743,2309,11,5
5744,2310,21,5
5745,2311,30,4
5746,2311,42,3
5747,2312,23,1
5748,2312,18,3
5749,2313,26,2
5750,2313,12,5
5751,2313,22,3
5752,2313,48,1
5753,2314,6,1
5754,2315,50,3
5755,2315,11,5
5756,2315,21,4
5757,2316,30,5
5758,2316,29,5
5759,2317,26,2
5760,2317,3,1
5761,2318,18,2
5762,2318,35,1
5763,2318,38,3
5764,2318,2,3
5765,2319,46,5
5766,2320,8,3
5767,2320,35,2
5768,2320,28,2
5769,2320,5,5
5770,2321,24,3
5771,2321,45,3
5772,2322,39,3
5773,2322,12,3
5774,2322,3,5
5775,2323,29,5
5776,2323,21,1
5777,2323,32,1
5778,2323,39,2
5779,2324,38,3
5780,2324,36,3
5781,2324,15,4
5782,2324,2,4
5783,2325,29,3
5784,2325,17,1
5785,2326,25,1
5786,2327,34,1
5787,2327,37,1
5788,2327,30,3
5789,2328,12,2
5790,2328,8,2
5791,2329,46,4
5792,2329,34,1
5793,2329,39,1
5794,2329,50,5
5795,2330,18,4
5796,2330,30,1
5797,2331,43,5
5798,2331,33,5
5799,2332,1,4
5800,2332,44,3
5801,2333,7,5
5802,2333,48,5
5803,2333,8,4
5804,2333,16,5
5805,2334,30,3
5806,2334,7,4
5807,2335,15,2
5808,2336,48,3
5809,2336,35,2
5810,2336,34,5
5811,2336,44,3
5812,2337,33,3
5813,2337,42,2
5814,2337,7,5
5815,2337,35,4
5816,2338,45,5
5817,2338,16,1
5818,2338,4,1
5819,2338,46,4
5820,2339,32,3
5821,2339,38,5
5822,2340,18,3
5823,2340,21,3
5824,2340,30,3
5825,2341,3,4
5826,2342,38,2
5827,2342,11,4
5828,2342,48,3
5829,2342,28,3
5830,2343,20,4
5831,2343,50,3
5832,2344,45,4
5833,2345,47,3
5834,2346,22,5
5835,2346,38,2
5836,2347,41,1
5837,2347,46,4
5838,2347,37,5
5839,2348,24,5
5840,2348,33,2
5841,2348,21,4
5842,2348,29,3
5843,2349,43,4
5844,2349,36,5
5845,2349,5,3
5846,2349,25,2
5847,2350,44,2
5848,2350,3,1
5849,2350,32,4
5850,2351,44,4
5851,2352,25,2
5852,2352,7,3
5853,2352,44,1
5854,2352,41,1
5855,2353,33,5
5856,2353,35,2
5857,2353,14,2
5858,2353,25,2
5859,2354,46,3
5860,2354,33,3
5861,2355,16,2
5862,2356,38,5
5863,2356,39,3
5864,2356,22,1
5865,2356,9,2
5866,2357,6,2
5867,2357,49,4
5868,2358,13,2
5869,2358,11,3
5870,2358,30,3
5871,2359,19,5
5872,2360,10,1
5873,2360,17,2
5874,2360,39,2
5875,2360,45,2
5876,2361,18,4
5877,2361,31,1
5878,2362,28,1
5879,2362,40,5
5880,2362,22,2
5881,2363,21,4
5882,2363,24,1
5883,2363,23,2
5884,2364,3,4
5885,2365,31,3
5886,2366,13,4
5887,2367,17,3
5888,2367,24,4
5889,2367,37,4
5890,2368,50,2
5891,2369,36,5
5892,2370,43,1
5893,2370,39,2
5894,2371,44,4
5895,2371,47,3
5896,2371,49,1
5897,2371,1,4
5898,2372,7,2
5899,2372,10,1
5900,2372,11,3
5901,2372,35,4
5902,2373,19,3
5903,2373,27,2
5904,2373,36,1
5905,2374,24,5
5906,2374,21,3
5907,2374,22,1
5908,2375,27,3
5909,2375,14,4
5910,2376,32,4
5911,2377,50,3
5912,2377,35,2
5913,2377,39,2
5914,2377,44,2
5915,2378,27,5
5916,2378,13,1
5917,2378,37,3
5918,2378,47,4
5919,2379,2,5
5920,2380,45,2
5921,2380,48,4
5922,2381,47,5
5923,2381,43,1
5924,2381,10,2
5925,2381,28,2
5926,2382,4,4
5927,2382,37,3
5928,2383,44,1
5929,2383,2,4
5930,2383,26,5
5931,2384,28,4
5932,2385,47,1
5933,2386,44,1
5934,2386,7,1
5935,2386,12,2
5936,2387,17,5
5937,2387,20,1
5938,2388,28,1
5939,2388,39,4
5940,2388,31,2
5941,2388,11,1
5942,2389,44,2
5943,2389,16,5
5944,2390,48,5
5945,2391,37,5
5946,2391,25,2
5947,2392,1,3
5948,2393,2,1
5949,2393,31,2
5950,2394,27,1
5951,2394,3,5
5952,2395,10,2
5953,2395,33,4
5954,2396,48,1
5955,2396,18,3
5956,2396,12,3
5957,2396,30,5
5958,2397,32,5
5959,2397,48,4
5960,2397,35,2
5961,2398,4,2
5962,2398,26,2
5963,2399,45,5
5964,2399,43,1
5965,2400,11,4
5966,2401,19,3
5967,2402,46,5
5968,2402,27,3
5969,2402,24,2
5970,2402,33,3
5971,2403,27,1
5972,2403,1,4
5973,2403,37,3
5974,2403,45,4
5975,2404,45,3
5976,2404,41,3
5977,2405,24,2
5978,2405,30,4
5979,2406,45,5
5980,2406,17,5
5981,2406,31,3
5982,2406,32,1
5983,2407,1,4
5984,2407,45,3
5985,2407,39,4
5986,2407,18,4
5987,2408,50,2
5988,2408,4,5
5989,2408,28,5
5990,2408,6,5
5991,2409,10,5
5992,2409,35,1
5993,2409,20,5
5994,2409,26,2
5995,2410,26,1
5996,2410,44,4
5997,2411,8,1
5998,2411,29,3
5999,2411,2,2
6000,2412,5,1
6001,2412,42,3
6002,2412,34,4
6003,2412,28,4
6004,2413,13,1
6005,2414,25,3
6006,2414,20,1
6007,2414,31,2
6008,2414,37,4
6009,2415,8,3
6010,2415,12,2
6011,2416,16,3
6012,2416,24,1
6013,2416,44,4
6014,2417,6,5
6015,2418,40,5
6016,2419,36,4
6017,2419,2,1
6018,2419,34,1
6019,2420,1,4
6020,2420,45,4
6021,2420,33,1
6022,2420,50,3
6023,2421,3,4
6024,2421,31,1
6025,2422,31,3
6026,2423,19,2
6027,2424,28,5
6028,2424,36,3
6029,2425,39,2
6030,2425,25,3
6031,2425,29,4
6032,2425,45,1
6033,2426,21,1
6034,2427,3,5
6035,2428,4,4
6036,2429,7,4
6037,2430,2,1
6038,2430,47,3
6039,2430,12,1
6040,2431,23,3
6041,2431,43,5
6042,2432,11,2
6043,2432,44,5
6044,2432,49,2
6045,2432,41,1
6046,2433,1,2
6047,2434,24,3
6048,2434,40,4
6049,2434,39,3
6050,2434,31,2
6051,2435,21,3
6052,2435,39,3
6053,2435,48,2
6054,2435,29,3
6055,2436,25,5
6056,2436,43,3
6057,2437,4,1
6058,2437,19,4
6059,2438,8,2
6060,2438,23,4
6061,2438,50,3
6062,2439,44,3
6063,2440,13,2
6064,2441,50,4
6065,2441,40,4
6066,2441,15,5
6067,2441,29,5
6068,2442,25,4
6069,2442,35,1
6070,2442,8,5
6071,2442,48,3
6072,2443,32,4
6073,2443,50,3
6074,2443,6,5
6075,2444,24,5
6076,2445,40,5
6077,2445,47,5
6078,2445,26,1
6079,2446,18,1
6080,2446,38,5
6081,2446,40,1
6082,2447,22,4
6083,2447,33,2
6084,2448,48,3
6085,2448,3,4
6086,2448,44,3
6087,2449,22,5
6088,2449,2,5
6089,2449,37,5
6090,2450,14,2
6091,2450,12,3
6092,2450,17,2
6093,2450,24,4
6094,2451,7,1
6095,2452,45,1
6096,2453,45,3
6097,2453,5,4
6098,2453,35,4
6099,2454,39,1
6100,2454,15,2
6101,2454,11,3
6102,2455,8,1
6103,2455,33,4
6104,2455,43,2
6105,2455,14,3
6106,2456,49,1
6107,2457,10,4
6108,2457,43,3
6109,2458,23,4
6110,2458,40,2
6111,2459,22,3
6112,2460,35,5
6113,2460,11,4
6114,2460,37,5
6115,2461,46,5
6116,2462,5,3
6117,2462,49,4
6118,2463,39,3
6119,2463,47,4
6120,2463,35,3
6121,2464,1,2
6122,2464,19,4
6123,2464,12,1
6124,2464,38,4
6125,2465,44,1
6126,2465,31,3
6127,2465,12,4
6128,2466,30,2
6129,2467,22,3
6130,2467,35,2
6131,2467,4,5
6132,2467,18,2
6133,2468,29,5
6134,2468,28,5
6135,2468,40,4
6136,2468,33,5
6137,2469,31,3
6138,2469,22,5
6139,2469,19,3
6140,2469,18,4
6141,2470,5,1
6142,2470,16,1
6143,2470,18,5
6144,2471,47,2
6145,2471,38,4
6146,2472,45,3
6147,2473,12,1
6148,2473,45,5
6149,2473,30,2
6150,2473,22,3
6151,2474,16,1
6152,2474,34,2
6153,2474,39,3
6154,2474,2,5
6155,2475,19,2
6156,2475,31,4
6157,2475,39,3
6158,2476,8,5
6159,2476,5,4
6160,2476,24,2
6161,2476,27,2
6162,2477,4,1
6163,2477,30,4
6164,2478,40,1
6165,2478,17,3
6166,2478,34,2
6167,2479,25,1
6168,2480,46,4
6169,2480,9,3
6170,2481,16,2
6171,2481,4,4
6172,2482,42,4
6173,2482,46,1
6174,2483,41,3
6175,2483,42,4
6176,2483,11,3
6177,2483,19,4
6178,2484,5,2
6179,2484,7,1
6180,2485,35,1
6181,2485,45,4
6182,2486,36,5
6183,2486,32,1
6184,2487,27,3
6185,2487,5,3
6186,2487,21,5
6187,2487,45,5
6188,2488,33,2
6189,2488,26,3
6190,2488,25,4
6191,2489,46,5
6192,2489,19,1
6193,2489,6,2
6194,2490,22,1
6195,2490,9,2
6196,2491,28,5
6197,2491,38,3
6198,2491,3,4
6199,2491,21,5
6200,2492,12,2
6201,2492,35,5
6202,2492,33,3
6203,2493,3,1
6204,2493,22,2
6205,2493,10,2
6206,2493,16,5
6207,2494,6,2
6208,2494,47,2
6209,2494,49,1
6210,2494,11,2
6211,2495,25,2
6212,2495,34,4
6213,2495,28,4
6214,2495,19,5
6215,2496,9,3
6216,2496,28,2
6217,2496,35,4
6218,2496,45,2
6219,2497,48,2
6220,2497,25,2
6221,2497,2,1
6222,2497,47,5
6223,2498,29,4
6224,2498,36,1
6225,2498,15,1
6226,2498,18,4
6227,2499,43,2
6228,2499,35,2
6229,2500,41,3
6230,2500,23,4
6231,2500,49,2
6232,2501,28,2
6233,2501,12,4
6234,2501,13,4
6235,2502,4,3
6236,2503,14,3
6237,2503,22,5
6238,2503,34,4
6239,2504,4,4
6240,2504,9,2
6241,2505,11,3
6242,2505,36,4
6243,2506,20,2
6244,2507,3,2
6245,2507,49,3
6246,2507,47,3
6247,2508,19,5
6248,2508,27,2
6249,2508,34,5
6250,2509,30,1
6251,2509,42,1
6252,2509,3,4
6253,2509,19,4
6254,2510,24,5
6255,2511,41,4
6256,2511,19,2
6257,2511,26,5
6258,2511,42,4
6259,2512,25,3
6260,2512,39,3
6261,2512,1,5
6262,2513,48,4
6263,2513,43,2
6264,2513,28,2
6265,2514,46,5
6266,2514,12,1
6267,2515,19,5
6268,2515,35,3
6269,2516,35,4
6270,2516,30,1
6271,2516,45,1
6272,2517,11,3
6273,2517,16,3
6274,2517,44,5
6275,2517,40,5
6276,2518,11,1
6277,2518,27,4
6278,2518,18,4
6279,2519,41,5
6280,2520,14,2
6281,2520,4,1
6282,2520,6,2
6283,2521,37,1
6284,2521,33,1
6285,2522,47,4
6286,2522,33,1
6287,2523,10,3
6288,2523,35,4
6289,2523,15,5
6290,2523,16,5
6291,2524,21,5
6292,2525,3,5
6293,2526,8,3
6294,2527,14,3
6295,2527,30,2
6296,2528,26,2
6297,2528,30,4
6298,2528,2,4
6299,2529,33,4
6300,2529,50,1
6301,2530,25,4
6302,2530,24,5
6303,2530,39,3
6304,2531,45,3
6305,2531,38,4
6306,2531,43,3
6307,2531,19,5
6308,2532,40,3
6309,2532,37,1
6310,2532,24,3
6311,2533,42,4
6312,2533,16,2
6313,2533,45,5
6314,2534,29,1
6315,2535,33,1
6316,2535,24,5
6317,2535,19,2
6318,2536,11,2
6319,2536,45,3
6320,2536,21,2
6321,2537,30,5
6322,2538,50,1
6323,2538,49,4
6324,2539,7,2
6325,2539,5,1
6326,2539,40,3
6327,2540,32,3
6328,2540,19,3
6329,2540,46,2
6330,2541,14,1
6331,2542,31,4
6332,2542,41,5
6333,2543,30,5
6334,2543,13,5
6335,2543,2,2
6336,2544,4,3
6337,2544,13,2
6338,2544,47,2
6339,2545,11,3
6340,2546,1,2
6341,2546,48,5
6342,2546,45,2
6343,2547,15,5
6344,2547,19,3
6345,2547,42,1
6346,2547,2,2
6347,2548,36,1
6348,2549,46,3
6349,2549,43,4
6350,2549,11,5
6351,2550,38,1
6352,2550,37,3
6353,2550,4,4
6354,2551,6,2
6355,2551,9,2
6356,2551,42,3
6357,2552,27,5
6358,2552,1,5
6359,2552,6,1
6360,2553,14,3
6361,2554,17,3
6362,2554,33,4
6363,2555,13,2
6364,2556,45,5
6365,2556,12,4
6366,2556,30,1
6367,2556,28,2
6368,2557,16,1
6369,2557,19,2
6370,2557,9,1
6371,2557,8,2
6372,2558,45,2
6373,2559,15,1
6374,2560,19,5
6375,2561,36,5
6376,2561,3,5
6377,2561,11,5
6378,2562,36,5
6379,2563,38,4
6380,2564,20,1
6381,2564,24,5
6382,2564,11,1
6383,2564,13,5
6384,2565,33,2
6385,2566,43,2
6386,2567,21,5
6387,2567,26,2
6388,2568,29,2
6389,2569,49,4
6390,2569,28,4
6391,2570,20,1
6392,2571,6,5
6393,2571,1,5
6394,2571,42,1
6395,2571,14,5
6396,2572,33,4
6397,2573,3,1
6398,2573,21,2
6399,2573,2,2
6400,2574,2,2
6401,2574,49,3
6402,2575,38,1
6403,2575,24,4
6404,2575,28,1
6405,2576,34,4
6406,2576,31,3
6407,2576,50,1
6408,2577,30,2
6409,2577,23,3
6410,2577,49,4
6411,2577,46,2
6412,2578,5,2
6413,2578,25,1
6414,2579,2,5
6415,2579,13,1
6416,2579,43,1
6417,2579,32,1
6418,2580,50,4
6419,2580,45,1
6420,2580,49,2
6421,2581,50,4
6422,2581,14,4
6423,2581,4,1
6424,2581,28,1
6425,2582,39,5
6426,2582,18,4
6427,2582,26,4
6428,2583,46,2
6429,2583,9,2
6430,2584,4,3
6431,2584,2,5
6432,2584,32,1
6433,2584,7,1
6434,2585,5,5
6435,2585,18,4
6436,2585,42,2
6437,2585,4,2
6438,2586,14,2
6439,2586,20,1
6440,2587,22,3
6441,2587,35,3
6442,2587,50,5
6443,2587,32,5
6444,2588,40,2
6445,2588,42,2
6446,2589,22,5
6447,2589,39,4
6448,2589,47,2
6449,2589,1,2
6450,2590,35,3
6451,2590,45,5
6452,2590,10,3
6453,2591,23,2
6454,2591,21,5
6455,2591,8,1
6456,2592,2,2
6457,2592,14,2
6458,2592,20,4
6459,2592,34,4
6460,2593,36,4
6461,2593,46,2
6462,2594,37,2
6463,2594,41,5
6464,2594,13,1
6465,2594,10,1
6466,2595,45,3
6467,2595,16,4
6468,2595,27,3
6469,2596,27,4
6470,2596,18,4
6471,2596,34,3
6472,2597,26,2
6473,2598,50,4
6474,2598,6,2
6475,2598,9,1
6476,2598,3,4
6477,2599,23,4
6478,2599,11,4
6479,2599,37,4
6480,2600,8,3
6481,2601,33,5
6482,2601,20,1
6483,2601,1,1
6484,2602,17,4
6485,2602,6,2
6486,2602,24,5
6487,2603,46,3
6488,2604,45,1
6489,2604,25,1
6490,2605,35,3
6491,2605,25,4
6492,2605,8,1
6493,2605,7,2
6494,2606,5,2
6495,2606,6,4
6496,2606,34,1
6497,2606,39,3
6498,2607,22,3
6499,2607,46,4
6500,2607,41,3
6501,2608,12,5
6502,2608,48,2
6503,2608,26,4
6504,2609,50,4
6505,2609,15,1
6506,2609,32,3
6507,2610,13,3
6508,2611,41,3
6509,2611,44,3
6510,2611,21,5
6511,2612,44,1
6512,2612,27,1
6513,2612,28,2
6514,2613,6,1
6515,2614,42,2
6516,2614,9,2
6517,2614,10,5
6518,2614,32,4
6519,2615,18,1
6520,2615,44,4
6521,2615,9,2
6522,2615,45,4
6523,2616,35,1
6524,2616,24,5
6525,2617,44,1
6526,2617,41,5
6527,2617,29,2
6528,2618,2,5
6529,2618,50,5
6530,2618,46,1
6531,2619,44,1
6532,2619,24,1
6533,2619,3,2
6534,2619,35,4
6535,2620,49,2
6536,2620,50,3
6537,2620,2,5
6538,2621,36,4
6539,2621,18,4
6540,2621,13,1
6541,2622,45,4
6542,2623,32,3
6543,2623,37,5
6544,2624,46,2
6545,2624,8,5
6546,2624,20,3
6547,2625,19,4
6548,2625,40,4
6549,2625,48,5
6550,2626,19,4
6551,2626,9,3
6552,2626,6,4
6553,2627,31,2
6554,2627,22,5
6555,2628,1,1
6556,2629,48,4
6557,2629,46,2
6558,2629,5,3
6559,2629,42,3
6560,2630,38,3
6561,2630,43,5
6562,2630,19,2
6563,2630,45,2
6564,2631,44,2
6565,2631,8,5
6566,2631,27,2
6567,2632,28,5
6568,2632,18,5
6569,2633,46,1
6570,2633,6,1
6571,2633,44,4
6572,2633,3,1
6573,2634,36,5
6574,2634,7,3
6575,2634,9,3
6576,2634,44,4
6577,2635,5,3
6578,2635,48,5
6579,2635,16,3
6580,2635,3,5
6581,2636,6,2
6582,2636,45,2
6583,2636,19,3
6584,2637,50,2
6585,2637,10,2
6586,2637,35,4
6587,2638,44,4
6588,2638,35,3
6589,2639,43,1
6590,2639,32,2
6591,2639,37,1
6592,2639,36,2
6593,2640,21,4
6594,2640,25,4
6595,2640,18,1
6596,2640,41,1
6597,2641,34,1
6598,2641,36,5
6599,2641,9,4
6600,2642,44,5
6601,2643,5,4
6602,2643,47,5
6603,2643,1,1
6604,2644,27,1
6605,2645,20,4
6606,2646,17,1
6607,2646,25,1
6608,2646,46,5
6609,2647,4,5
6610,2647,49,4
6611,2648,20,3
6612,2648,12,4
6613,2648,47,2
6614,2649,46,4
6615,2649,12,4
6616,2649,16,3
6617,2650,30,5
6618,2650,1,5
6619,2650,4,1
6620,2650,31,2
6621,2651,16,1
6622,2651,12,2
6623,2651,22,1
6624,2652,36,2
6625,2653,26,5
6626,2653,31,5
6627,2654,40,4
6628,2655,27,5
6629,2655,47,4
6630,2655,2,3
6631,2655,10,2
6632,2656,37,3
6633,2656,42,4
6634,2657,27,3
6635,2658,49,1
6636,2658,43,1
6637,2658,34,1
6638,2658,9,2
6639,2659,1,1
6640,2659,49,4
6641,2659,48,1
6642,2659,38,2
6643,2660,34,5
6644,2660,50,4
6645,2660,4,4
6646,2660,41,5
6647,2661,11,4
6648,2661,3,1
6649,2662,18,3
6650,2662,33,5
6651,2663,44,4
6652,2663,45,4
6653,2664,35,2
6654,2664,29,5
6655,2664,27,4
6656,2665,4,3
6657,2665,31,3
6658,2665,19,4
6659,2666,29,4
6660,2666,9,4
6661,2666,28,3
6662,2667,6,5
6663,2667,50,2
6664,2667,39,5
6665,2668,29,5
6666,2669,32,3
6667,2669,31,1
6668,2669,37,1
6669,2670,20,2
6670,2670,22,2
6671,2671,12,4
6672,2672,26,2
6673,2672,40,1
6674,2673,9,4
6675,2673,48,3
6676,2674,11,2
6677,2674,24,2
6678,2674,29,1
6679,2675,30,3
6680,2676,47,4
6681,2677,22,4
6682,2677,6,5
6683,2678,10,4
6684,2678,42,4
6685,2678,18,4
6686,2679,8,5
6687,2679,9,2
6688,2679,22,4
6689,2680,4,3
6690,2681,26,4
6691,2681,47,5
6692,2682,13,4
6693,2682,9,4
6694,2683,14,2
6695,2683,17,2
6696,2684,45,5
6697,2684,26,2
6698,2684,11,4
6699,2685,15,2
6700,2685,32,2
6701,2686,49,1
6702,2686,38,1
6703,2686,14,2
6704,2687,46,1
6705,2687,31,1
6706,2688,10,3
6707,2688,42,1
6708,2688,14,2
6709,2689,1,2
6710,2689,18,1
6711,2689,13,5
6712,2689,15,5
6713,2690,35,3
6714,2690,18,4
6715,2691,9,3
6716,2692,36,4
6717,2692,41,2
6718,2692,1,4
6719,2692,18,1
6720,2693,49,4
6721,2693,44,4
6722,2693,8,5
6723,2694,35,4
6724,2694,2,3
6725,2694,42,3
6726,2694,41,3
6727,2695,20,2
6728,2695,47,1
6729,2695,45,3
6730,2696,43,4
6731,2696,45,5
6732,2696,35,2
6733,2696,15,4
6734,2697,2,2
6735,2697,21,4
6736,2697,14,2
6737,2698,34,3
6738,2698,24,2
6739,2698,40,5
6740,2698,14,5
6741,2699,41,1
6742,2699,37,2
6743,2700,40,5
6744,2700,39,2
6745,2700,30,2
6746,2700,44,1
6747,2701,2,1
6748,2701,16,5
6749,2701,11,5
6750,2702,49,4
6751,2702,38,3
6752,2702,44,3
6753,2703,44,1
6754,2704,22,4
6755,2704,1,4
6756,2705,48,1
6757,2705,42,4
6758,2705,34,4
6759,2705,26,2
6760,2706,32,1
6761,2706,27,3
6762,2706,31,5
6763,2707,16,3
6764,2707,10,5
6765,2707,36,1
6766,2707,38,1
6767,2708,34,2
6768,2708,22,3
6769,2709,31,2
6770,2709,25,2
6771,2710,21,3
6772,2711,16,2
6773,2711,44,5
6774,2711,29,4
6775,2711,19,2
6776,2712,40,3
6777,2712,22,1
6778,2712,39,2
6779,2713,21,4
6780,2713,48,3
6781,2713,19,4
6782,2714,13,1
6783,2714,5,5
6784,2714,31,4
6785,2715,3,2
6786,2715,4,1
6787,2716,43,2
6788,2717,14,2
6789,2717,25,3
6790,2717,43,4
6791,2717,15,4
6792,2718,47,2
6793,2718,46,2
6794,2719,19,4
6795,2719,33,3
6796,2720,39,4
6797,2720,5,4
6798,2721,7,5
6799,2722,3,5
6800,2723,20,5
6801,2724,26,4
6802,2724,47,2
6803,2724,2,2
6804,2724,48,4
6805,2725,20,5
6806,2725,49,5
6807,2725,29,2
6808,2726,33,3
6809,2726,23,1
6810,2726,40,4
6811,2726,24,4
6812,2727,40,1
6813,2728,32,4
6814,2728,7,3
6815,2729,41,1
6816,2729,36,3
6817,2729,7,3
6818,2730,16,4
6819,2730,46,5
6820,2730,18,3
6821,2730,27,3
6822,2731,14,4
6823,2731,45,5
6824,2731,15,1
6825,2731,35,3
6826,2732,33,1
6827,2732,37,3
6828,2733,28,2
6829,2733,23,4
6830,2733,6,5
6831,2733,36,3
6832,2734,29,5
6833,2734,6,5
6834,2734,38,2
6835,2734,34,4
6836,2735,16,1
6837,2735,17,5
6838,2735,23,4
6839,2736,40,1
6840,2736,14,4
6841,2736,33,2
6842,2737,4,1
6843,2737,10,5
6844,2737,16,5
6845,2738,18,2
6846,2738,26,3
6847,2738,39,2
6848,2738,41,3
6849,2739,23,5
6850,2739,17,4
6851,2740,12,3
6852,2740,8,4
6853,2740,7,1
6854,2741,33,1
6855,2741,29,1
6856,2742,14,3
6857,2743,27,4
6858,2743,40,4
6859,2743,19,1
6860,2744,38,4
6861,2744,4,4
6862,2744,14,3
6863,2745,18,5
6864,2745,30,1
6865,2745,28,1
6866,2745,48,4
6867,2746,12,2
6868,2747,22,1
6869,2748,47,4
6870,2748,37,3
6871,2749,36,5
6872,2749,27,1
6873,2749,46,5
6874,2750,3,3
6875,2751,21,5
6876,2752,14,2
6877,2752,24,5
6878,2753,46,1
6879,2753,43,2
6880,2753,26,5
6881,2753,1,3
6882,2754,48,1
6883,2754,1,2
6884,2754,50,5
6885,2755,31,1
6886,2755,13,1
6887,2755,34,1
6888,2756,12,3
6889,2757,30,1
6890,2757,7,3
6891,2757,35,5
6892,2758,25,1
6893,2759,39,5
6894,2759,37,1
6895,2759,50,2
6896,2760,41,3
6897,2760,47,3
6898,2760,24,1
6899,2760,3,5
6900,2761,43,5
6901,2762,37,5
6902,2762,27,4
6903,2763,33,4
6904,2764,5,1
6905,2764,31,3
6906,2764,1,5
6907,2764,35,2
6908,2765,46,5
6909,2765,11,3
6910,2766,32,1
6911,2767,6,2
6912,2767,10,2
6913,2767,38,1
6914,2767,15,2
6915,2768,37,2
6916,2768,23,1
6917,2768,11,5
6918,2769,3,2
6919,2769,43,4
6920,2769,4,1
6921,2770,32,3
6922,2770,24,4
6923,2770,34,2
6924,2770,36,4
6925,2771,35,4
6926,2771,1,1
6927,2771,25,1
6928,2772,27,2
6929,2772,48,1
6930,2773,4,5
6931,2773,25,3
6932,2774,28,3
6933,2775,44,1
6934,2775,6,5
6935,2775,11,4
6936,2775,8,1
6937,2776,35,1
6938,2777,43,2
6939,2778,44,5
6940,2778,40,2
6941,2779,4,3
6942,2779,12,3
6943,2780,38,4
6944,2780,47,2
6945,2780,9,2
6946,2780,4,1
6947,2781,43,4
6948,2781,22,5
6949,2781,39,5
6950,2782,2,5
6951,2783,41,4
6952,2783,7,5
6953,2783,37,1
6954,2783,49,3
6955,2784,2,1
6956,2784,23,1
6957,2784,11,2
6958,2785,14,4
6959,2786,34,1
6960,2787,18,5
6961,2787,50,1
6962,2787,7,3
6963,2787,45,3
6964,2788,3,5
6965,2788,35,4
6966,2788,45,1
6967,2788,5,3
6968,2789,50,5
6969,2790,18,5
6970,2790,28,3
6971,2791,18,1
6972,2791,37,4
6973,2791,23,1
6974,2792,33,2
6975,2792,3,4
6976,2792,27,3
6977,2793,26,5
6978,2793,28,2
6979,2793,39,5
6980,2794,37,4
6981,2794,42,3
6982,2794,3,2
6983,2795,6,5
6984,2795,20,1
6985,2795,10,3
6986,2796,30,4
6987,2796,42,2
6988,2796,29,3
6989,2797,44,5
6990,2797,49,3
6991,2798,26,1
6992,2798,49,5
6993,2798,25,3
6994,2798,39,2
6995,2799,7,4
6996,2800,32,4
6997,2800,9,1
6998,2800,34,4
6999,2801,44,5
7000,2801,46,3
7001,2801,25,5
7002,2802,9,4
7003,2803,39,4
7004,2803,29,1
7005,2804,49,4
7006,2805,9,4
7007,2805,50,4
7008,2805,47,1
7009,2805,35,2
7010,2806,39,3
7011,2806,34,4
7012,2806,9,5
7013,2807,31,4
7014,2807,42,3
7015,2807,3,4
7016,2807,8,2
7017,2808,48,1
7018,2808,32,2
7019,2808,44,1
7020,2808,19,3
7021,2809,9,2
7022,2809,14,3
7023,2809,6,2
7024,2809,46,3
7025,2810,13,2
7026,2810,22,3
7027,2811,3,5
7028,2811,1,5
7029,2811,34,3
7030,2811,21,5
7031,2812,5,3
7032,2812,29,1
7033,2812,12,3
7034,2812,7,2
7035,2813,41,3
7036,2814,22,1
7037,2814,13,2
7038,2815,33,3
7039,2816,27,5
7040,2816,2,5
7041,2816,22,2
7042,2817,43,2
7043,2817,10,2
7044,2817,16,1
7045,2818,39,1
7046,2819,38,3
7047,2819,18,2
7048,2820,18,1
7049,2821,2,5
7050,2821,35,2
7051,2821,32,3
7052,2822,44,4
7053,2822,41,4
7054,2823,45,1
7055,2823,20,2
7056,2824,8,4
7057,2825,15,2
7058,2825,6,4
7059,2826,33,1
7060,2827,3,5
7061,2828,10,3
7062,2828,20,4
7063,2828,11,5
7064,2828,27,5
7065,2829,14,5
7066,2829,44,4
7067,2829,22,4
7068,2829,24,3
7069,2830,9,3
7070,2830,27,5
7071,2830,14,5
7072,2831,13,4
7073,2831,48,2
7074,2832,20,2
7075,2832,19,2
7076,2832,48,3
7077,2833,21,1
7078,2833,8,4
7079,2834,36,3
7080,2834,2,1
7081,2835,17,3
7082,2835,22,2
7083,2836,33,2
7084,2836,31,1
7085,2837,29,4
7086,2837,26,4
7087,2837,31,4
7088,2838,35,2
7089,2839,20,5
7090,2839,21,4
7091,2839,46,1
7092,2839,45,2
7093,2840,41,4
7094,2841,14,2
7095,2841,5,4
7096,2841,44,5
7097,2842,39,3
7098,2842,13,2
7099,2842,7,4
7100,2843,7,1
7101,2843,43,4
7102,2844,46,3
7103,2844,6,2
7104,2844,17,1
7105,2845,1,4
7106,2846,18,3
7107,2847,10,4
7108,2847,38,3
7109,2847,39,3
7110,2848,20,5
7111,2848,18,5
7112,2848,14,4
7113,2848,5,1
7114,2849,44,3
7115,2850,15,3
7116,2850,16,5
7117,2851,11,1
7118,2851,40,1
7119,2851,28,1
7120,2851,30,1
7121,2852,41,2
7122,2852,20,3
7123,2853,39,5
7124,2853,32,3
7125,2853,24,5
7126,2854,41,5
7127,2854,5,5
7128,2854,47,1
7129,2854,34,4
7130,2855,4,3
7131,2855,46,5
7132,2855,9,5
7133,2855,8,2
7134,2856,39,4
7135,2856,17,2
7136,2856,14,5
7137,2856,30,2
7138,2857,19,2
7139,2857,38,1
7140,2857,3,2
7141,2857,14,2
7142,2858,15,3
7143,2858,39,3
7144,2859,29,1
7145,2860,29,1
7146,2860,14,3
7147,2860,44,5
7148,2861,26,4
7149,2861,36,3
7150,2862,31,1
7151,2862,47,4
7152,2862,32,1
7153,2862,17,2
7154,2863,25,4
7155,2863,27,1
7156,2863,49,1
7157,2863,23,4
7158,2864,46,2
7159,2864,9,1
7160,2864,11,2
7161,2864,36,5
7162,2865,8,2
7163,2865,38,5
7164,2866,35,3
7165,2866,11,4
7166,2866,31,2
7167,2866,36,4
7168,2867,46,2
7169,2867,14,2
7170,2867,39,1
7171,2868,47,5
7172,2868,50,4
7173,2868,24,5
7174,2869,43,1
7175,2869,49,4
7176,2870,43,5
7177,2870,26,3
7178,2870,3,2
7179,2870,18,1
7180,2871,13,3
7181,2871,17,2
7182,2872,34,5
7183,2872,47,5
7184,2872,18,1
7185,2873,34,3
7186,2874,23,2
7187,2874,7,1
7188,2874,10,1
7189,2874,17,4
7190,2875,30,1
7191,2875,36,4
7192,2876,20,5
7193,2877,25,5
7194,2877,17,1
7195,2878,45,4
7196,2879,38,5
7197,2879,23,3
7198,2879,24,5
7199,2880,11,2
7200,2880,5,4
7201,2880,40,5
7202,2881,7,4
7203,2881,14,2
7204,2882,22,4
7205,2882,37,4
7206,2882,32,4
7207,2882,12,4
7208,2883,31,2
7209,2883,32,3
7210,2883,24,5
7211,2883,37,4
7212,2884,14,3
7213,2885,32,3
7214,2886,38,3
7215,2887,50,1
7216,2887,36,5
7217,2888,12,2
7218,2888,28,2
7219,2888,32,2
7220,2889,44,4
7221,2890,8,1
7222,2890,24,1
7223,2890,2,1
7224,2890,3,2
7225,2891,22,3
7226,2892,20,3
7227,2893,48,4
7228,2893,13,3
7229,2894,40,3
7230,2894,11,5
7231,2894,49,5
7232,2894,5,1
7233,2895,1,5
7234,2896,7,4
7235,2896,25,5
7236,2896,50,1
7237,2896,17,3
7238,2897,22,4
7239,2898,34,1
7240,2898,43,4
7241,2899,40,2
7242,2899,37,4
7243,2899,25,4
7244,2899,30,2
7245,2900,38,4
7246,2901,3,2
7247,2902,30,4
7248,2902,12,3
7249,2903,44,1
7250,2903,12,3
7251,2904,37,3
7252,2904,29,5
7253,2904,11,4
7254,2904,18,1
7255,2905,24,5
7256,2905,44,2
7257,2905,29,2
7258,2906,30,3
7259,2906,1,3
7260,2906,8,5
7261,2906,44,1
7262,2907,44,2
7263,2907,32,4
7264,2907,14,1
7265,2907,41,5
7266,2908,33,5
7267,2908,22,5
7268,2908,27,4
7269,2908,36,1
7270,2909,49,5
7271,2910,44,2
7272,2910,39,3
7273,2910,31,5
7274,2911,31,2
7275,2911,38,4
7276,2911,19,3
7277,2911,14,3
7278,2912,4,2
7279,2912,11,4
7280,2912,25,4
7281,2912,13,4
7282,2913,49,3
7283,2913,23,3
7284,2913,39,5
7285,2913,26,4
7286,2914,25,3
7287,2914,40,4
7288,2914,17,1
7289,2914,38,3
7290,2915,41,3
7291,2915,48,4
7292,2915,16,3
7293,2916,42,2
7294,2916,3,3
7295,2916,46,1
7296,2917,16,2
7297,2917,29,5
7298,2917,32,1
7299,2918,44,5
7300,2918,48,4
7301,2918,34,3
7302,2919,42,3
7303,2919,40,3
7304,2920,16,4
7305,2921,18,4
7306,2921,36,5
7307,2921,3,1
7308,2922,15,2
7309,2922,35,5
7310,2922,14,3
7311,2923,38,5
7312,2923,13,1
7313,2923,12,2
7314,2923,47,4
7315,2924,20,3
7316,2924,48,1
7317,2924,34,4
7318,2924,3,2
7319,2925,14,3
7320,2925,4,1
7321,2925,18,4
7322,2925,6,2
7323,2926,46,1
7324,2926,17,3
7325,2927,3,2
7326,2928,24,4
7327,2928,34,5
7328,2928,15,4
7329,2928,35,2
7330,2929,19,4
7331,2929,26,3
7332,2930,18,1
7333,2930,45,2
7334,2930,26,2
7335,2930,28,2
7336,2931,13,3
7337,2931,37,1
7338,2931,40,3
7339,2931,31,5
7340,2932,4,5
7341,2932,46,3
7342,2933,4,1
7343,2934,12,4
7344,2935,3,5
7345,2935,31,3
7346,2935,35,1
7347,2935,8,4
7348,2936,34,4
7349,2936,17,4
7350,2936,38,5
7351,2937,13,4
7352,2937,34,1
7353,2937,16,3
7354,2937,2,3
7355,2938,21,3
7356,2938,29,3
7357,2939,34,1
7358,2939,38,3
7359,2939,14,2
7360,2939,22,4
7361,2940,12,4
7362,2941,47,4
7363,2942,22,1
7364,2942,28,4
7365,2942,49,1
7366,2942,31,5
7367,2943,11,5
7368,2944,16,4
7369,2944,47,1
7370,2945,37,2
7371,2945,8,2
7372,2946,30,5
7373,2946,17,5
7374,2946,24,3
7375,2946,39,1
7376,2947,16,4
7377,2947,32,5
7378,2948,1,1
7379,2948,22,4
7380,2948,45,5
7381,2948,33,1
7382,2949,41,4
7383,2950,8,3
7384,2950,2,1
7385,2950,28,4
7386,2951,30,5
7387,2952,49,3
7388,2952,35,4
7389,2953,33,2
7390,2953,13,3
7391,2953,1,5
7392,2954,30,3
7393,2954,14,3
7394,2954,28,1
7395,2955,17,4
7396,2955,40,2
7397,2955,9,5
7398,2956,40,1
7399,2957,8,5
7400,2957,29,5
7401,2958,43,3
7402,2958,25,2
7403,2959,28,4
7404,2960,48,3
7405,2960,40,3
7406,2960,33,3
7407,2961,36,5
7408,2962,48,1
7409,2962,38,2
7410,2962,14,2
7411,2963,30,3
7412,2964,1,4
7413,2964,46,5
7414,2964,22,5
7415,2964,10,1
7416,2965,48,3
7417,2966,14,1
7418,2966,42,2
7419,2967,25,5
7420,2967,13,2
7421,2967,15,2
7422,2967,2,3
7423,2968,23,1
7424,2968,17,4
7425,2968,1,5
7426,2968,16,5
7427,2969,23,3
7428,2970,12,4
7429,2971,11,1
7430,2971,2,2
7431,2972,14,3
7432,2972,6,1
7433,2972,36,1
7434,2973,9,5
7435,2973,13,2
7436,2973,6,1
7437,2974,34,5
7438,2974,9,1
7439,2974,4,1
7440,2974,20,5
7441,2975,4,3
7442,2975,23,5
7443,2976,46,5
7444,2976,29,3
7445,2976,14,4
7446,2977,39,5
7447,2977,29,2
7448,2977,14,3
7449,2977,38,3
7450,2978,16,3
7451,2978,34,1
7452,2978,7,5
7453,2979,32,2
7454,2979,10,5
7455,2980,28,2
7456,2980,18,5
7457,2981,7,2
7458,2981,33,3
7459,2981,22,3
7460,2982,44,5
7461,2982,27,1
7462,2982,50,3
7463,2982,34,3
7464,2983,16,1
7465,2984,37,4
7466,2985,20,5
7467,2985,17,4
7468,2985,48,4
7469,2986,44,3
7470,2987,46,3
7471,2988,38,3
7472,2988,48,1
7473,2988,8,5
7474,2989,42,3
7475,2989,17,4
7476,2990,3,1
7477,2990,16,4
7478,2990,22,4
7479,2991,23,2
7480,2991,39,3
7481,2991,45,3
7482,2992,4,5
7483,2993,43,4
7484,2993,10,4
7485,2994,20,4
7486,2994,29,4
7487,2994,50,4
7488,2995,24,3
7489,2995,37,3
7490,2995,12,1
7491,2996,14,4
7492,2996,33,2
7493,2997,48,4
7494,2997,38,5
7495,2997,16,4
7496,2998,2,4
7497,2999,46,3
7498,3000,24,5
7499,3000,39,3
7500,3000,19,5
7501,3001,30,4
7502,3001,17,4
7503,3001,47,2
7504,3001,7,2
7505,3002,27,1
7506,3002,43,2
7507,3002,32,3
7508,3003,38,1
7509,3003,15,2
7510,3003,22,4
7511,3004,29,1
7512,3004,17,4
7513,3004,40,3
7514,3004,47,1
7515,3005,50,4
7516,3005,10,2
7517,3006,26,3
7518,3006,24,3
7519,3006,13,1
7520,3006,5,2
7521,3007,7,1
7522,3007,32,1
7523,3007,41,3
7524,3008,24,2
7525,3008,22,3
7526,3008,36,3
7527,3009,40,4
7528,3009,22,2
7529,3009,24,1
7530,3010,36,4
7531,3010,43,4
7532,3010,14,4
7533,3010,24,5
7534,3011,36,5
7535,3012,49,5
7536,3012,1,1
7537,3012,20,1
7538,3013,49,2
7539,3013,46,1
7540,3013,4,4
7541,3013,19,1
7542,3014,22,5
7543,3014,44,3
7544,3014,31,2
7545,3015,41,5
7546,3016,38,4
7547,3016,15,1
7548,3016,26,5
7549,3016,36,2
7550,3017,43,4
7551,3018,34,5
7552,3019,42,1
7553,3019,44,1
7554,3019,2,3
7555,3020,49,5
7556,3020,36,1
7557,3020,13,1
7558,3021,24,2
7559,3022,3,4
7560,3022,11,3
7561,3023,3,5
7562,3024,44,2
7563,3024,47,2
7564,3025,16,2
7565,3025,32,1
7566,3025,38,2
7567,3025,3,5
7568,3026,34,5
7569,3026,11,5
7570,3026,42,5
7571,3026,5,2
7572,3027,19,1
7573,3027,29,4
7574,3027,34,4
7575,3028,26,2
7576,3028,16,1
7577,3028,48,5
7578,3028,18,2
7579,3029,33,2
7580,3029,45,3
7581,3029,6,2
7582,3030,28,2
7583,3030,19,4
7584,3030,31,3
7585,3030,18,3
7586,3031,17,4
7587,3032,50,2
7588,3032,44,4
7589,3033,27,3
7590,3033,16,5
7591,3033,29,1
7592,3033,39,5
7593,3034,29,5
7594,3034,20,2
7595,3034,18,3
7596,3034,40,4
7597,3035,43,4
7598,3035,6,5
7599,3035,20,2
7600,3035,17,5
7601,3036,16,3
7602,3036,6,4
7603,3036,21,4
7604,3037,42,5
7605,3037,10,3
7606,3037,13,1
7607,3038,41,5
7608,3038,25,1
7609,3039,18,4
7610,3039,50,4
7611,3039,38,5
7612,3039,25,1
7613,3040,43,5
7614,3041,9,2
7615,3041,37,2
7616,3042,18,5
7617,3042,25,4
7618,3043,12,2
7619,3043,4,4
7620,3044,15,5
7621,3044,32,3
7622,3045,25,1
7623,3046,33,4
7624,3046,27,3
7625,3047,32,1
7626,3047,33,3
7627,3047,16,3
7628,3048,38,3
7629,3048,25,4
7630,3048,44,4
7631,3049,30,5
7632,3049,33,1
7633,3049,25,1
7634,3050,22,2
7635,3050,5,4
7636,3050,48,4
7637,3051,17,4
7638,3051,41,2
7639,3051,39,2
7640,3051,14,4
7641,3052,24,4
7642,3053,17,4
7643,3054,13,1
7644,3054,17,1
7645,3054,12,3
7646,3055,6,5
7647,3055,44,4
7648,3056,17,3
7649,3056,30,2
7650,3056,46,1
7651,3056,7,2
7652,3057,6,1
7653,3057,41,5
7654,3057,37,5
7655,3058,43,4
7656,3058,2,3
7657,3058,22,1
7658,3059,15,5
7659,3059,21,3
7660,3060,35,1
7661,3061,13,5
7662,3061,12,5
7663,3061,46,4
7664,3062,27,4
7665,3062,46,5
7666,3062,14,1
7667,3062,12,3
7668,3063,14,1
7669,3063,36,1
7670,3064,3,1
7671,3064,48,4
7672,3064,33,1
7673,3064,40,1
7674,3065,10,1
7675,3065,9,5
7676,3065,39,3
7677,3066,30,3
7678,3066,42,5
7679,3066,50,4
7680,3067,40,3
7681,3067,39,2
7682,3067,2,4
7683,3068,46,2
7684,3069,40,1
7685,3069,28,3
7686,3069,7,2
7687,3070,33,3
7688,3070,13,1
7689,3070,3,4
7690,3071,47,2
7691,3071,48,1
7692,3071,24,4
7693,3071,8,1
7694,3072,39,2
7695,3073,7,5
7696,3073,26,5
7697,3074,19,1
7698,3074,22,3
7699,3074,13,4
7700,3074,30,2
7701,3075,3,2
7702,3075,19,1
7703,3076,29,2
7704,3076,19,1
7705,3077,27,4
7706,3077,28,3
7707,3078,3,4
7708,3078,12,1
7709,3078,15,4
7710,3078,13,3
7711,3079,33,2
7712,3079,2,3
7713,3079,27,4
7714,3080,22,4
7715,3080,10,2
7716,3080,27,1
7717,3081,26,4
7718,3081,41,1
7719,3082,30,3
7720,3082,47,1
7721,3083,1,3
7722,3084,36,5
7723,3084,32,1
7724,3084,3,3
7725,3084,28,4
7726,3085,50,1
7727,3086,6,5
7728,3086,45,1
7729,3087,30,2
7730,3087,45,2
7731,3087,39,3
7732,3087,13,2
7733,3088,49,2
7734,3088,45,1
7735,3089,18,5
7736,3089,34,3
7737,3089,19,1
7738,3090,22,5
7739,3090,31,3
7740,3090,4,2
7741,3090,29,2
7742,3091,46,5
7743,3092,3,3
7744,3092,10,2
7745,3093,44,5
7746,3093,17,3
7747,3093,27,3
7748,3093,48,1
7749,3094,10,1
7750,3095,5,1
7751,3095,50,3
7752,3095,42,3
7753,3096,50,3
7754,3097,4,5
7755,3098,13,4
7756,3098,19,3
7757,3099,15,2
7758,3099,27,2
7759,3100,21,4
7760,3101,45,4
7761,3101,20,1
7762,3101,13,1
7763,3102,8,3
7764,3102,26,2
7765,3102,50,4
7766,3103,3,1
7767,3103,41,4
7768,3103,42,1
7769,3103,10,3
7770,3104,4,5
7771,3104,8,2
7772,3104,12,5
7773,3104,22,2
7774,3105,41,4
7775,3105,37,1
7776,3106,42,5
7777,3106,35,1
7778,3106,24,4
7779,3106,25,4
7780,3107,24,1
7781,3107,3,4
7782,3107,23,2
7783,3107,39,5
7784,3108,2,1
7785,3108,49,1
7786,3109,47,1
7787,3109,24,4
7788,3109,38,5
7789,3110,16,1
7790,3110,46,4
7791,3111,25,4
7792,3111,19,1
7793,3112,47,4
7794,3112,20,3
7795,3112,3,3
7796,3113,10,5
7797,3113,48,2
7798,3113,22,3
7799,3114,2,3
7800,3114,43,1
7801,3114,32,5
7802,3114,25,3
7803,3115,12,3
7804,3115,1,4
7805,3115,31,2
7806,3115,35,2
7807,3116,8,4
7808,3116,38,1
7809,3116,43,2
7810,3116,11,4
7811,3117,8,5
7812,3118,33,1
7813,3118,2,5
7814,3118,48,2
7815,3118,8,4
7816,3119,38,1
7817,3120,37,1
7818,3120,1,4
7819,3120,36,1
7820,3121,13,2
7821,3122,45,5
7822,3122,26,1
7823,3122,43,3
7824,3122,11,5
7825,3123,30,3
7826,3123,32,5
7827,3123,4,4
7828,3123,6,2
7829,3124,33,3
7830,3124,9,4
7831,3124,7,5
7832,3124,37,4
7833,3125,28,4
7834,3125,2,2
7835,3125,32,3
7836,3126,25,1
7837,3126,45,5
7838,3126,37,2
7839,3127,3,1
7840,3127,23,2
7841,3128,26,5
7842,3128,16,4
7843,3128,47,3
7844,3129,23,1
7845,3129,3,4
7846,3130,7,3
7847,3130,28,5
7848,3130,30,4
7849,3131,13,5
7850,3131,24,2
7851,3131,35,1
7852,3131,8,4
7853,3132,17,4
7854,3132,33,4
7855,3132,29,5
7856,3132,19,2
7857,3133,40,3
7858,3133,43,5
7859,3133,44,3
7860,3134,35,3
7861,3134,16,4
7862,3135,49,2
7863,3135,8,1
7864,3135,12,1
7865,3135,23,5
7866,3136,4,4
7867,3136,45,3
7868,3137,41,4
7869,3137,37,4
7870,3137,8,1
7871,3137,10,5
7872,3138,37,4
7873,3139,14,2
7874,3139,24,1
7875,3140,41,2
7876,3140,5,5
7877,3141,36,4
7878,3141,14,5
7879,3141,3,2
7880,3141,21,5
7881,3142,24,3
7882,3142,15,2
7883,3142,16,4
7884,3142,22,2
7885,3143,9,5
7886,3144,50,3
7887,3144,36,4
7888,3144,32,5
7889,3145,8,2
7890,3146,26,5
7891,3146,38,2
7892,3147,48,4
7893,3147,24,2
7894,3147,8,5
7895,3148,9,2
7896,3148,38,1
7897,3149,42,3
7898,3149,30,1
7899,3149,33,2
7900,3149,28,5
7901,3150,44,3
7902,3150,47,1
7903,3150,29,3
7904,3151,31,4
7905,3151,45,4
7906,3151,43,5
7907,3152,30,3
7908,3153,5,3
7909,3153,9,2
7910,3154,42,3
7911,3154,21,2
7912,3154,14,5
7913,3155,5,3
7914,3156,23,4
7915,3156,3,2
7916,3156,38,1
7917,3156,10,5
7918,3157,33,2
7919,3157,3,4
7920,3157,47,5
7921,3158,29,4
7922,3158,42,2
7923,3158,23,5
7924,3159,13,4
7925,3159,37,5
7926,3159,7,4
7927,3160,1,3
7928,3160,34,1
7929,3160,35,4
7930,3160,21,5
7931,3161,15,3
7932,3161,50,3
7933,3161,38,1
7934,3162,46,1
7935,3163,20,2
7936,3164,50,3
7937,3164,48,5
7938,3164,38,2
7939,3164,31,3
7940,3165,38,1
7941,3165,10,1
7942,3165,8,5
7943,3166,33,5
7944,3167,40,2
7945,3167,42,5
7946,3167,8,2
7947,3167,14,3
7948,3168,21,5
7949,3168,14,1
7950,3168,34,1
7951,3168,20,1
7952,3169,46,2
7953,3169,32,3
7954,3169,3,4
7955,3170,26,1
7956,3170,4,4
7957,3170,42,3
7958,3171,25,3
7959,3171,12,3
7960,3172,19,1
7961,3172,27,2
7962,3172,11,1
7963,3173,22,3
7964,3173,46,4
7965,3174,10,2
7966,3174,43,5
7967,3175,1,4
7968,3175,32,2
7969,3175,6,3
7970,3176,18,4
7971,3176,25,1
7972,3177,17,1
7973,3177,31,1
7974,3177,44,4
7975,3178,16,5
7976,3179,4,4
7977,3180,7,3
7978,3180,26,2
7979,3180,13,1
7980,3181,41,1
7981,3181,49,2
7982,3181,48,1
7983,3182,11,1
7984,3182,19,4
7985,3183,26,5
7986,3183,5,1
7987,3183,25,5
7988,3184,28,1
7989,3184,17,5
7990,3184,43,3
7991,3185,8,2
7992,3185,13,4
7993,3185,14,4
7994,3186,47,5
7995,3186,1,3
7996,3186,9,5
7997,3187,22,4
7998,3188,36,5
7999,3188,8,1
8000,3188,29,3
8001,3189,36,3
8002,3189,11,2
8003,3189,37,3
8004,3189,4,5
8005,3190,11,5
8006,3190,6,1
8007,3191,42,3
8008,3192,37,5
8009,3192,38,3
8010,3193,19,1
8011,3194,1,2
8012,3194,49,5
8013,3194,6,3
8014,3195,37,3
8015,3195,38,2
8016,3195,13,4
8017,3195,8,3
8018,3196,1,2
8019,3196,8,1
8020,3197,29,3
8021,3198,10,1
8022,3199,45,5
8023,3199,20,5
8024,3199,28,5
8025,3200,26,5
8026,3200,24,1
8027,3200,40,5
8028,3200,20,2
8029,3201,12,4
8030,3201,39,4
8031,3201,8,3
8032,3201,16,5
8033,3202,27,3
8034,3203,45,1
8035,3203,41,3
8036,3203,37,2
8037,3204,47,5
8038,3204,8,1
8039,3205,7,2
8040,3206,34,3
8041,3207,14,3
8042,3207,7,4
8043,3208,16,2
8044,3208,19,5
8045,3209,46,2
8046,3209,1,2
8047,3209,47,3
8048,3210,12,2
8049,3210,26,2
8050,3210,31,1
8051,3210,6,2
8052,3211,16,2
8053,3211,49,2
8054,3211,17,5
8055,3212,29,1
8056,3212,3,3
8057,3212,31,2
8058,3212,25,5
8059,3213,42,5
8060,3213,41,5
8061,3214,41,4
8062,3214,46,3
8063,3214,28,1
8064,3214,26,5
8065,3215,32,4
8066,3215,9,3
8067,3215,5,2
8068,3215,3,3
8069,3216,2,2
8070,3217,45,3
8071,3217,3,1
8072,3218,45,5
8073,3219,10,3
8074,3219,19,3
8075,3219,30,2
8076,3219,9,4
8077,3220,19,5
8078,3220,5,5
8079,3220,28,2
8080,3221,32,2
8081,3221,28,5
8082,3222,45,5
8083,3222,12,1
8084,3222,15,5
8085,3223,33,2
8086,3223,37,4
8087,3224,43,2
8088,3224,41,4
8089,3225,34,1
8090,3225,2,3
8091,3225,31,2
8092,3225,48,2
8093,3226,30,2
8094,3226,50,1
8095,3226,42,5
8096,3227,38,1
8097,3227,16,4
8098,3227,5,5
8099,3228,44,2
8100,3228,6,3
8101,3229,20,4
8102,3229,46,1
8103,3230,1,1
8104,3230,31,4
8105,3230,42,4
8106,3231,1,5
8107,3231,47,3
8108,3231,36,5
8109,3232,43,5
8110,3232,37,4
8111,3232,40,2
8112,3233,30,4
8113,3233,25,4
8114,3233,33,2
8115,3234,16,5
8116,3235,21,5
8117,3236,5,3
8118,3236,40,5
8119,3236,50,3
8120,3237,18,2
8121,3237,48,3
8122,3237,11,5
8123,3238,22,2
8124,3238,7,1
8125,3238,13,3
8126,3239,23,3
8127,3240,38,4
8128,3241,43,3
8129,3241,45,1
8130,3242,2,5
8131,3243,32,2
8132,3243,20,4
8133,3243,22,2
8134,3243,7,4
8135,3244,47,3
8136,3244,39,1
8137,3244,1,3
8138,3245,32,2
8139,3246,10,4
8140,3246,16,4
8141,3246,17,5
8142,3246,9,4
8143,3247,46,2
8144,3248,14,5
8145,3248,41,1
8146,3249,34,4
8147,3249,6,1
8148,3250,23,4
8149,3250,20,3
8150,3251,8,2
8151,3251,5,4
8152,3252,38,4
8153,3252,28,2
8154,3252,16,1
8155,3253,20,5
8156,3254,16,1
8157,3254,7,5
8158,3255,11,3
8159,3255,16,5
8160,3255,4,3
8161,3255,28,1
8162,3256,16,5
8163,3257,33,1
8164,3258,46,3
8165,3258,27,5
8166,3259,46,1
8167,3259,6,1
8168,3259,44,2
8169,3260,33,2
8170,3261,5,1
8171,3261,46,5
8172,3261,17,1
8173,3262,3,4
8174,3262,9,1
8175,3262,34,4
8176,3262,17,5
8177,3263,35,2
8178,3263,29,2
8179,3263,42,1
8180,3263,41,3
8181,3264,1,1
8182,3264,14,3
8183,3264,43,2
8184,3264,9,3
8185,3265,17,3
8186,3265,14,2
8187,3265,47,1
8188,3265,20,1
8189,3266,24,3
8190,3266,5,4
8191,3266,3,1
8192,3266,2,1
8193,3267,41,3
8194,3268,13,1
8195,3269,22,3
8196,3269,24,4
8197,3270,9,4
8198,3270,4,2
8199,3270,47,2
8200,3271,39,4
8201,3271,23,4
8202,3272,43,4
8203,3272,6,4
8204,3273,46,5
8205,3274,46,4
8206,3274,36,4
8207,3274,30,4
8208,3274,32,3
8209,3275,14,5
8210,3276,30,2
8211,3276,43,5
8212,3276,5,5
8213,3276,9,1
8214,3277,40,2
8215,3277,30,1
8216,3278,33,1
8217,3278,31,3
8218,3278,15,3
8219,3279,38,3
8220,3280,22,4
8221,3280,48,5
8222,3280,33,1
8223,3281,47,5
8224,3281,15,5
8225,3281,18,1
8226,3281,8,4
8227,3282,50,1
8228,3282,20,2
8229,3282,47,1
8230,3282,44,3
8231,3283,21,2
8232,3283,33,5
8233,3283,22,1
8234,3283,40,5
8235,3284,16,2
8236,3284,43,1
8237,3284,26,3
8238,3285,20,2
8239,3285,39,5
8240,3285,13,2
8241,3286,6,3
8242,3286,44,1
8243,3286,37,4
8244,3286,21,2
8245,3287,27,2
8246,3287,30,1
8247,3287,1,4
8248,3288,50,3
8249,3289,30,3
8250,3289,36,2
8251,3290,44,3
8252,3291,44,3
8253,3291,42,2
8254,3291,23,3
8255,3292,19,4
8256,3292,49,5
8257,3292,3,5
8258,3293,30,5
8259,3293,45,5
8260,3293,33,2
8261,3293,34,2
8262,3294,49,1
8263,3295,30,2
8264,3296,18,1
8265,3297,32,1
8266,3297,49,2
8267,3297,5,3
8268,3298,7,4
8269,3298,45,5
8270,3298,29,1
8271,3298,24,3
8272,3299,2,3
8273,3300,27,4
8274,3300,31,3
8275,3300,6,3
8276,3300,34,2
8277,3301,9,4
8278,3301,50,1
8279,3301,19,3
8280,3301,20,5
8281,3302,31,1
8282,3302,6,5
8283,3302,8,4
8284,3302,2,4
8285,3303,15,2
8286,3304,21,1
8287,3304,30,3
8288,3305,15,4
8289,3305,49,2
8290,3305,2,2
8291,3306,25,5
8292,3306,43,5
8293,3306,28,5
8294,3307,43,1
8295,3307,17,2
8296,3307,39,1
8297,3307,44,3
8298,3308,33,4
8299,3308,7,4
8300,3309,17,5
8301,3309,26,2
8302,3310,30,5
8303,3310,2,1
8304,3310,19,1
8305,3311,4,5
8306,3311,6,4
8307,3312,16,3
8308,3312,9,3
8309,3312,6,4
8310,3313,7,2
8311,3313,33,4
8312,3313,8,3
8313,3314,31,1
8314,3315,16,3
8315,3316,49,3
8316,3316,30,2
8317,3317,23,4
8318,3317,25,3
8319,3318,45,3
8320,3319,25,3
8321,3319,9,1
8322,3320,14,1
8323,3320,8,3
8324,3321,7,1
8325,3321,41,5
8326,3321,5,1
8327,3322,2,1
8328,3322,25,4
8329,3323,16,4
8330,3324,4,3
8331,3324,3,2
8332,3325,5,3
8333,3325,44,3
8334,3326,42,4
8335,3326,28,2
8336,3327,13,2
8337,3327,36,3
8338,3327,17,4
8339,3328,8,4
8340,3329,44,3
8341,3330,18,4
8342,3330,48,1
8343,3330,10,5
8344,3331,22,4
8345,3331,21,3
8346,3331,14,5
8347,3332,26,2
8348,3332,34,5
8349,3333,4,3
8350,3333,35,5
8351,3333,7,5
8352,3334,3,2
8353,3334,12,2
8354,3334,13,3
8355,3335,38,5
8356,3335,15,1
8357,3335,23,2
8358,3336,42,5
8359,3336,11,1
8360,3336,33,3
8361,3337,32,3
8362,3338,32,5
8363,3339,38,4
8364,3340,24,3
8365,3340,17,2
8366,3341,12,4
8367,3341,18,4
8368,3341,46,4
8369,3342,17,5
8370,3342,19,4
8371,3342,50,3
8372,3342,18,5
8373,3343,3,4
8374,3343,20,3
8375,3344,4,4
8376,3345,25,5
8377,3346,25,5
8378,3346,20,4
8379,3347,48,4
8380,3347,43,3
8381,3348,14,5
8382,3348,32,2
8383,3348,30,5
8384,3349,42,1
8385,3349,19,5
8386,3349,25,1
8387,3350,8,3
8388,3350,2,1
8389,3351,11,2
8390,3351,24,5
8391,3351,17,4
8392,3351,23,1
8393,3352,49,4
8394,3353,37,5
8395,3354,10,3
8396,3354,41,4
8397,3355,29,5
8398,3356,26,3
8399,3356,9,1
8400,3357,19,4
8401,3357,13,1
8402,3357,8,2
8403,3357,44,2
8404,3358,4,5
8405,3358,42,3
8406,3358,15,2
8407,3359,18,5
8408,3359,10,5
8409,3359,30,3
8410,3360,44,4
8411,3360,16,1
8412,3361,38,3
8413,3361,17,3
8414,3361,37,3
8415,3361,27,5
8416,3362,46,4
8417,3362,40,5
8418,3362,23,1
8419,3363,29,2
8420,3363,47,1
8421,3364,46,2
8422,3364,19,4
8423,3364,44,1
8424,3364,47,5
8425,3365,9,3
8426,3365,10,1
8427,3366,14,2
8428,3366,39,4
8429,3367,31,1
8430,3367,25,4
8431,3368,18,3
8432,3368,46,1
8433,3368,2,3
8434,3368,50,4
8435,3369,43,1
8436,3369,24,2
8437,3369,7,5
8438,3370,15,1
8439,3370,33,3
8440,3370,6,1
8441,3370,8,2
8442,3371,35,5
8443,3371,46,2
8444,3372,31,3
8445,3373,38,5
8446,3373,23,2
8447,3373,11,4
8448,3374,32,2
8449,3374,31,5
8450,3374,18,2
8451,3374,12,3
8452,3375,14,4
8453,3375,49,2
8454,3375,15,2
8455,3376,34,5
8456,3376,14,2
8457,3376,39,1
8458,3376,27,3
8459,3377,3,1
8460,3378,25,4
8461,3378,1,4
8462,3379,5,2
8463,3379,17,3
8464,3380,37,2
8465,3380,43,4
8466,3380,25,1
8467,3380,22,3
8468,3381,31,1
8469,3381,16,3
8470,3381,8,2
8471,3382,36,5
8472,3383,5,4
8473,3383,36,2
8474,3384,43,5
8475,3385,4,2
8476,3385,31,2
8477,3385,40,4
8478,3386,15,4
8479,3386,7,2
8480,3386,9,3
8481,3386,40,1
8482,3387,34,2
8483,3387,22,4
8484,3387,4,3
8485,3388,34,2
8486,3389,35,5
8487,3389,46,1
8488,3389,2,4
8489,3389,1,2
8490,3390,2,4
8491,3390,36,1
8492,3391,49,5
8493,3391,8,5
8494,3392,23,5
8495,3392,12,3
8496,3392,16,5
8497,3393,50,2
8498,3393,3,1
8499,3393,9,3
8500,3393,16,5
8501,3394,23,4
8502,3394,8,5
8503,3394,30,1
8504,3394,24,2
8505,3395,13,5
8506,3395,1,5
8507,3396,28,1
8508,3397,5,1
8509,3397,30,2
8510,3397,22,3
8511,3398,15,1
8512,3399,29,5
8513,3400,32,4
8514,3400,42,3
8515,3400,23,3
8516,3400,34,5
8517,3401,1,5
8518,3401,38,1
8519,3401,22,3
8520,3402,3,4
8521,3402,19,2
8522,3402,40,2
8523,3403,27,4
8524,3403,40,2
8525,3403,19,4
8526,3403,44,2
8527,3404,22,3
8528,3404,7,2
8529,3404,35,1
8530,3404,8,3
8531,3405,42,3
8532,3405,36,3
8533,3406,44,3
8534,3407,10,3
8535,3407,7,2
8536,3407,32,3
8537,3407,25,5
8538,3408,37,1
8539,3408,19,4
8540,3409,29,5
8541,3409,17,4
8542,3409,3,5
8543,3409,36,5
8544,3410,35,3
8545,3410,21,5
8546,3410,29,1
8547,3411,4,4
8548,3412,30,3
8549,3412,42,1
8550,3412,10,5
8551,3412,28,4
8552,3413,42,4
8553,3413,38,5
8554,3414,14,1
8555,3414,30,1
8556,3414,31,2
8557,3415,37,4
8558,3415,14,3
8559,3415,8,3
8560,3416,17,4
8561,3416,16,5
8562,3417,18,4
8563,3418,19,1
8564,3419,41,3
8565,3419,38,1
8566,3419,13,5
8567,3419,25,4
8568,3420,26,4
8569,3420,38,5
8570,3420,12,2
8571,3421,50,2
8572,3422,31,3
8573,3422,14,4
8574,3423,10,3
8575,3424,31,2
8576,3424,12,1
8577,3424,5,1
8578,3424,10,5
8579,3425,30,5
8580,3425,43,3
8581,3425,33,5
8582,3426,24,2
8583,3427,46,2
8584,3427,20,3
8585,3428,25,5
8586,3428,2,1
8587,3428,1,3
8588,3428,38,4
8589,3429,27,5
8590,3429,42,1
8591,3430,2,3
8592,3430,13,1
8593,3431,41,3
8594,3431,26,2
8595,3432,38,3
8596,3432,33,4
8597,3433,40,4
8598,3433,44,4
8599,3433,39,1
8600,3434,3,3
8601,3434,28,4
8602,3434,2,1
8603,3434,32,3
8604,3435,16,1
8605,3435,29,1
8606,3436,47,4
8607,3436,38,3
8608,3436,6,3
8609,3437,25,4
8610,3437,36,1
8611,3438,16,4
8612,3438,33,2
8613,3438,45,1
8614,3438,30,3
8615,3439,46,3
8616,3439,32,3
8617,3439,20,3
8618,3439,1,5
8619,3440,28,3
8620,3440,8,5
8621,3440,34,4
8622,3440,10,3
8623,3441,18,2
8624,3442,33,1
8625,3442,24,3
8626,3442,15,1
8627,3442,41,5
8628,3443,12,3
8629,3443,27,5
8630,3443,14,2
8631,3443,46,1
8632,3444,9,2
8633,3444,14,5
8634,3445,8,5
8635,3445,21,1
8636,3446,30,1
8637,3447,9,1
8638,3447,43,3
8639,3448,33,3
8640,3448,17,4
8641,3448,50,4
8642,3449,5,1
8643,3449,24,4
8644,3449,43,4
8645,3449,18,4
8646,3450,19,3
8647,3451,36,1
8648,3451,38,1
8649,3451,15,4
8650,3451,37,3
8651,3452,29,4
8652,3452,42,4
8653,3452,26,4
8654,3453,31,4
8655,3453,47,4
8656,3453,28,3
8657,3454,26,2
8658,3454,3,1
8659,3454,36,5
8660,3454,23,3
8661,3455,38,3
8662,3455,28,3
8663,3456,12,3
8664,3456,5,1
8665,3456,32,3
8666,3457,34,5
8667,3457,9,4
8668,3457,38,2
8669,3457,36,4
8670,3458,20,2
8671,3458,48,2
8672,3458,18,1
8673,3459,5,3
8674,3459,44,1
8675,3459,45,4
8676,3459,36,5
8677,3460,39,4
8678,3460,35,2
8679,3461,44,4
8680,3461,18,4
8681,3461,3,2
8682,3461,4,3
8683,3462,28,2
8684,3462,13,2
8685,3462,38,1
8686,3462,3,3
8687,3463,4,1
8688,3463,13,5
8689,3464,37,2
8690,3464,16,1
8691,3465,7,1
8692,3466,43,3
8693,3466,2,3
8694,3466,26,5
8695,3467,22,3
8696,3467,34,3
8697,3467,32,2
8698,3468,23,4
8699,3468,10,1
8700,3468,37,3
8701,3469,18,2
8702,3470,39,4
8703,3470,30,5
8704,3470,17,2
8705,3470,23,3
8706,3471,29,5
8707,3472,42,4
8708,3472,33,1
8709,3473,22,4
8710,3473,23,4
8711,3474,16,5
8712,3474,43,3
8713,3474,14,5
8714,3474,35,4
8715,3475,5,5
8716,3475,30,2
8717,3475,42,3
8718,3476,3,5
8719,3476,45,5
8720,3476,8,1
8721,3476,39,4
8722,3477,17,5
8723,3477,28,3
8724,3478,27,2
8725,3478,46,4
8726,3478,11,5
8727,3478,38,3
8728,3479,28,3
8729,3479,34,1
8730,3480,38,4
8731,3480,30,5
8732,3480,13,5
8733,3480,28,1
8734,3481,1,2
8735,3482,5,5
8736,3482,39,3
8737,3482,49,2
8738,3482,4,1
8739,3483,35,4
8740,3483,43,2
8741,3484,9,1
8742,3485,41,1
8743,3485,5,3
8744,3485,37,3
8745,3486,11,4
8746,3486,20,2
8747,3486,47,2
8748,3486,18,1
8749,3487,26,3
8750,3488,27,5
8751,3488,14,2
8752,3488,41,3
8753,3488,16,1
8754,3489,19,2
8755,3489,13,4
8756,3490,21,5
8757,3490,16,1
8758,3491,1,4
8759,3491,16,3
8760,3491,4,3
8761,3492,5,2
8762,3492,44,1
8763,3492,18,2
8764,3493,34,3
8765,3493,20,1
8766,3493,13,4
8767,3494,24,5
8768,3494,1,2
8769,3494,49,2
8770,3495,33,5
8771,3495,4,5
8772,3496,2,1
8773,3496,9,3
8774,3496,17,2
8775,3496,18,1
8776,3497,40,1
8777,3498,31,2
8778,3498,7,2
8779,3498,43,3
8780,3498,36,2
8781,3499,49,4
8782,3499,32,2
8783,3500,28,4
8784,3500,23,4
8785,3500,22,1
8786,3500,17,4
8787,3501,29,4
8788,3501,23,2
8789,3502,21,1
8790,3502,20,3
8791,3502,36,4
8792,3503,12,4
8793,3504,28,2
8794,3504,7,5
8795,3504,22,2
8796,3504,44,5
8797,3505,39,2
8798,3505,18,4
8799,3506,9,1
8800,3507,4,2
8801,3507,42,3
8802,3507,7,2
8803,3508,37,4
8804,3508,4,2
8805,3509,40,3
8806,3509,48,5
8807,3509,35,2
8808,3509,42,3
8809,3510,31,5
8810,3510,13,1
8811,3510,14,2
8812,3510,46,5
8813,3511,15,4
8814,3512,45,5
8815,3513,10,4
8816,3514,39,3
8817,3514,16,3
8818,3514,37,4
8819,3515,19,2
8820,3516,48,1
8821,3517,44,4
8822,3517,12,3
8823,3517,3,5
8824,3517,46,1
8825,3518,1,3
8826,3519,13,2
8827,3519,26,4
8828,3519,17,3
8829,3520,17,5
8830,3520,14,4
8831,3520,11,5
8832,3521,17,2
8833,3522,45,1
8834,3522,49,1
8835,3523,41,4
8836,3523,10,5
8837,3523,11,2
8838,3523,29,3
8839,3524,30,1
8840,3524,33,5
8841,3525,35,1
8842,3525,21,1
8843,3525,43,5
8844,3525,31,2
8845,3526,35,3
8846,3526,49,2
8847,3527,1,1
8848,3528,4,4
8849,3529,41,3
8850,3529,9,5
8851,3530,42,3
8852,3530,31,4
8853,3530,29,3
8854,3530,22,5
8855,3531,8,3
8856,3531,31,4
8857,3531,11,1
8858,3531,36,2
8859,3532,18,2
8860,3532,27,2
8861,3532,41,2
8862,3533,25,4
8863,3533,23,5
8864,3533,42,3
8865,3534,22,3
8866,3535,48,4
8867,3535,13,3
8868,3535,22,4
8869,3535,8,2
8870,3536,49,3
8871,3536,5,1
8872,3536,33,4
8873,3537,37,5
8874,3537,44,3
8875,3537,25,5
8876,3537,23,4
8877,3538,27,2
8878,3538,1,2
8879,3538,3,4
8880,3539,10,4
8881,3539,12,3
8882,3539,37,5
8883,3540,41,1
8884,3540,9,5
8885,3540,6,2
8886,3541,9,1
8887,3541,21,3
8888,3542,23,3
8889,3542,31,2
8890,3542,38,4
8891,3543,15,4
8892,3543,32,4
8893,3544,18,1
8894,3545,10,2
8895,3545,28,1
8896,3545,20,2
8897,3546,3,4
8898,3546,35,2
8899,3546,5,2
8900,3546,15,5
8901,3547,8,5
8902,3547,2,2
8903,3548,41,3
8904,3548,49,2
8905,3548,10,5
8906,3549,11,3
8907,3549,39,1
8908,3550,46,3
8909,3551,9,4
8910,3551,36,4
8911,3551,17,5
8912,3551,2,3
8913,3552,39,5
8914,3552,4,4
8915,3553,43,4
8916,3553,19,4
8917,3554,44,4
8918,3554,40,5
8919,3554,2,2
8920,3554,4,3
8921,3555,26,5
8922,3555,28,3
8923,3555,25,5
8924,3556,28,1
8925,3556,44,5
8926,3557,14,5
8927,3557,34,2
8928,3557,27,3
8929,3558,34,3
8930,3559,38,4
8931,3559,12,2
8932,3559,22,5
8933,3560,12,2
8934,3560,25,2
8935,3560,37,2
8936,3560,49,3
8937,3561,48,3
8938,3561,11,4
8939,3561,32,5
8940,3561,16,5
8941,3562,31,3
8942,3562,4,4
8943,3563,13,2
8944,3563,50,3
8945,3564,28,1
8946,3564,27,1
8947,3564,26,3
8948,3565,20,5
8949,3566,6,5
8950,3566,35,4
8951,3566,4,2
8952,3566,25,5
8953,3567,49,5
8954,3567,48,4
8955,3567,34,5
8956,3567,45,2
8957,3568,17,2
8958,3568,39,5
8959,3568,2,3
8960,3569,34,4
8961,3570,27,3
8962,3570,6,3
8963,3570,15,1
8964,3571,45,2
8965,3571,42,1
8966,3572,35,1
8967,3572,2,4
8968,3573,18,4
8969,3573,31,5
8970,3574,9,2
8971,3575,32,5
8972,3575,39,5
8973,3575,16,1
8974,3575,41,1
8975,3576,11,1
8976,3576,2,4
8977,3577,7,3
8978,3577,33,2
8979,3578,1,2
8980,3579,38,3
8981,3579,7,2
8982,3580,5,2
8983,3580,13,4
8984,3581,44,3
8985,3581,5,1
8986,3582,6,4
8987,3582,11,1
8988,3583,16,5
8989,3583,8,5
8990,3584,31,2
8991,3584,12,5
8992,3584,3,3
8993,3584,8,5
8994,3585,16,1
8995,3586,32,5
8996,3586,41,1
8997,3586,21,1
8998,3586,26,1
8999,3587,42,5
9000,3588,30,4
9001,3589,14,3
9002,3589,49,3
9003,3589,12,5
9004,3590,17,5
9005,3590,14,4
9006,3591,24,1
9007,3592,19,3
9008,3592,47,4
9009,3592,32,5
9010,3593,8,4
9011,3594,46,5
9012,3595,1,5
9013,3595,9,2
9014,3595,31,1
9015,3595,10,3
9016,3596,3,5
9017,3597,43,5
9018,3597,47,1
9019,3598,19,5
9020,3598,41,1
9021,3599,14,1
9022,3599,11,4
9023,3600,2,3
9024,3601,12,1
9025,3601,17,5
9026,3602,9,3
9027,3602,44,2
9028,3603,25,1
9029,3603,11,2
9030,3603,24,1
9031,3603,10,2
9032,3604,7,4
9033,3605,37,2
9034,3605,23,5
9035,3605,47,2
9036,3605,19,2
9037,3606,32,1
9038,3606,44,4
9039,3606,2,4
9040,3606,7,5
9041,3607,8,4
9042,3608,48,5
9043,3608,35,1
9044,3608,27,2
9045,3608,9,3
9046,3609,22,2
9047,3610,17,4
9048,3610,49,2
9049,3610,11,1
9050,3610,28,2
9051,3611,3,5
9052,3611,40,3
9053,3612,31,3
9054,3613,42,3
9055,3613,2,1
9056,3614,13,5
9057,3614,5,3
9058,3614,39,1
9059,3615,43,3
9060,3616,29,3
9061,3617,1,5
9062,3617,34,3
9063,3617,17,2
9064,3618,27,1
9065,3618,32,2
9066,3618,29,4
9067,3619,28,4
9068,3619,29,1
9069,3619,40,1
9070,3620,2,4
9071,3620,42,4
9072,3621,43,3
9073,3621,19,5
9074,3621,3,2
9075,3622,21,1
9076,3622,46,4
9077,3622,1,2
9078,3623,11,4
9079,3623,30,2
9080,3623,42,2
9081,3623,39,5
9082,3624,37,1
9083,3624,2,5
9084,3625,9,3
9085,3625,1,1
9086,3626,49,2
9087,3627,13,3
9088,3628,28,2
9089,3629,35,5
9090,3629,2,1
9091,3629,5,3
9092,3629,40,1
9093,3630,20,4
9094,3630,3,3
9095,3631,5,4
9096,3632,31,1
9097,3632,5,4
9098,3632,47,1
9099,3633,18,5
9100,3633,35,4
9101,3633,23,5
9102,3633,29,5
9103,3634,13,2
9104,3634,41,3
9105,3634,43,1
9106,3634,6,4
9107,3635,20,3
9108,3636,16,5
9109,3637,37,1
9110,3638,7,3
9111,3639,45,4
9112,3639,27,4
9113,3639,32,4
9114,3640,5,3
9115,3640,38,5
9116,3640,22,4
9117,3640,9,1
9118,3641,31,1
9119,3642,7,4
9120,3642,29,3
9121,3643,5,1
9122,3643,31,2
9123,3643,30,2
9124,3644,36,3
9125,3644,1,3
9126,3645,20,5
9127,3645,29,2
9128,3646,30,2
9129,3646,43,2
9130,3646,9,1
9131,3646,21,5
9132,3647,41,2
9133,3647,38,5
9134,3647,42,3
9135,3648,16,4
9136,3648,24,2
9137,3648,46,4
9138,3648,33,2
9139,3649,14,3
9140,3649,41,4
9141,3650,11,3
9142,3651,40,2
9143,3652,43,5
9144,3652,28,5
9145,3652,13,3
9146,3652,46,4
9147,3653,35,2
9148,3653,19,4
9149,3653,18,2
9150,3654,21,4
9151,3654,47,3
9152,3655,46,5
9153,3655,16,1
9154,3656,43,2
9155,3656,30,4
9156,3656,26,2
9157,3656,11,3
9158,3657,16,1
9159,3657,20,4
9160,3658,4,4
9161,3658,7,4
9162,3659,16,1
9163,3659,18,1
9164,3660,45,3
9165,3660,9,4
9166,3660,6,2
9167,3661,45,4
9168,3661,22,2
9169,3661,12,4
9170,3662,34,4
9171,3662,36,2
9172,3663,13,4
9173,3663,24,1
9174,3664,18,1
9175,3664,24,3
9176,3664,46,2
9177,3665,19,1
9178,3665,10,1
9179,3665,6,4
9180,3666,17,5
9181,3666,37,3
9182,3666,19,4
9183,3667,11,5
9184,3667,49,5
9185,3667,6,3
9186,3668,41,3
9187,3668,50,4
9188,3669,33,3
9189,3669,8,1
9190,3670,40,1
9191,3670,8,4
9192,3671,49,5
9193,3671,32,2
9194,3671,42,3
9195,3672,19,5
9196,3672,12,4
9197,3672,38,2
9198,3672,39,3
9199,3673,47,5
9200,3673,14,5
9201,3673,21,5
9202,3673,42,4
9203,3674,49,1
9204,3674,42,3
9205,3674,37,2
9206,3675,4,4
9207,3676,8,1
9208,3676,17,5
9209,3676,24,2
9210,3677,31,2
9211,3677,37,1
9212,3677,12,3
9213,3678,36,2
9214,3678,11,1
9215,3678,17,1
9216,3678,21,5
9217,3679,9,3
9218,3680,20,5
9219,3680,16,4
9220,3680,48,2
9221,3680,31,3
9222,3681,48,1
9223,3681,4,3
9224,3682,1,5
9225,3682,28,4
9226,3682,27,1
9227,3682,48,1
9228,3683,39,4
9229,3683,41,3
9230,3683,27,5
9231,3683,16,1
9232,3684,5,4
9233,3684,34,5
9234,3685,25,3
9235,3686,28,1
9236,3687,29,5
9237,3687,6,1
9238,3687,23,1
9239,3688,11,3
9240,3689,9,2
9241,3690,27,1
9242,3691,17,1
9243,3692,31,5
9244,3692,11,5
9245,3693,33,1
9246,3693,15,2
9247,3693,41,1
9248,3693,9,5
9249,3694,6,5
9250,3694,17,5
9251,3694,48,3
9252,3694,45,2
9253,3695,3,4
9254,3695,30,4
9255,3695,40,5
9256,3696,33,1
9257,3696,17,1
9258,3696,11,3
9259,3696,3,1
9260,3697,18,4
9261,3697,9,1
9262,3697,17,4
9263,3698,32,2
9264,3698,11,5
9265,3699,5,3
9266,3699,46,2
9267,3699,23,5
9268,3699,38,3
9269,3700,30,4
9270,3700,21,4
9271,3700,43,2
9272,3701,45,2
9273,3701,49,5
9274,3701,39,2
9275,3701,33,1
9276,3702,21,5
9277,3702,32,4
9278,3702,31,5
9279,3703,25,4
9280,3703,29,1
9281,3704,20,1
9282,3704,47,3
9283,3704,41,5
9284,3704,7,2
9285,3705,47,1
9286,3705,44,3
9287,3705,35,1
9288,3706,15,2
9289,3706,37,3
9290,3706,4,4
9291,3707,9,5
9292,3708,50,4
9293,3708,36,5
9294,3708,41,4
9295,3709,46,2
9296,3709,1,3
9297,3709,40,3
9298,3709,27,4
9299,3710,2,2
9300,3710,32,1
9301,3710,21,1
9302,3710,6,1
9303,3711,9,2
9304,3711,25,4
9305,3711,11,3
9306,3712,7,2
9307,3712,34,3
9308,3712,2,3
9309,3713,4,5
9310,3713,33,2
9311,3713,23,3
9312,3714,24,3
9313,3714,16,2
9314,3714,22,4
9315,3714,11,4
9316,3715,3,4
9317,3715,29,3
9318,3715,47,3
9319,3716,15,3
9320,3716,32,2
9321,3716,17,3
9322,3716,36,1
9323,3717,11,5
9324,3717,22,3
9325,3718,30,1
9326,3718,38,4
9327,3718,41,3
9328,3718,4,2
9329,3719,31,2
9330,3719,38,5
9331,3720,37,4
9332,3720,44,3
9333,3720,49,2
9334,3721,40,4
9335,3721,26,3
9336,3722,10,1
9337,3723,43,3
9338,3723,34,3
9339,3724,29,1
9340,3725,36,3
9341,3726,22,5
9342,3727,9,3
9343,3728,27,3
9344,3728,37,4
9345,3729,15,3
9346,3729,45,1
9347,3729,35,2
9348,3730,25,2
9349,3730,46,5
9350,3730,16,3
9351,3730,22,4
9352,3731,20,2
9353,3732,48,1
9354,3732,11,5
9355,3732,2,3
9356,3732,18,2
9357,3733,26,2
9358,3734,17,1
9359,3734,27,1
9360,3735,34,2
9361,3735,32,5
9362,3735,13,2
9363,3735,29,4
9364,3736,39,2
9365,3736,13,5
9366,3736,43,1
9367,3737,7,1
9368,3737,46,4
9369,3737,40,1
9370,3738,4,2
9371,3738,16,1
9372,3738,13,5
9373,3738,48,3
9374,3739,19,3
9375,3739,6,2
9376,3739,34,4
9377,3740,4,1
9378,3740,43,5
9379,3740,12,2
9380,3740,44,1
9381,3741,31,5
9382,3741,36,1
9383,3742,44,1
9384,3742,5,5
9385,3743,27,4
9386,3743,32,4
9387,3744,30,4
9388,3744,16,4
9389,3744,27,3
9390,3744,22,3
9391,3745,20,1
9392,3745,22,2
9393,3745,40,3
9394,3746,40,3
9395,3747,13,1
9396,3747,23,1
9397,3747,50,1
9398,3748,25,2
9399,3748,40,5
9400,3749,24,1
9401,3749,14,5
9402,3749,16,5
9403,3750,13,2
9404,3750,45,2
9405,3751,14,3
9406,3752,20,5
9407,3753,22,4
9408,3753,48,1
9409,3753,2,2
9410,3754,17,4
9411,3754,2,1
9412,3754,28,4
9413,3754,9,4
9414,3755,46,1
9415,3755,7,3
9416,3755,21,3
9417,3756,28,3
9418,3756,11,5
9419,3756,7,2
9420,3756,27,3
9421,3757,30,5
9422,3757,45,4
9423,3758,4,5
9424,3758,12,3
9425,3759,28,5
9426,3760,31,2
9427,3760,11,1
9428,3760,23,2
9429,3761,48,3
9430,3761,50,5
9431,3762,30,1
9432,3762,50,2
9433,3763,35,5
9434,3763,12,5
9435,3763,17,5
9436,3764,38,5
9437,3765,39,4
9438,3765,23,3
9439,3765,6,5
9440,3766,48,5
9441,3767,21,3
9442,3767,26,3
9443,3767,43,4
9444,3768,50,2
9445,3768,21,5
9446,3768,10,1
9447,3769,17,1
9448,3770,11,5
9449,3770,20,4
9450,3770,10,4
9451,3771,22,1
9452,3771,17,1
9453,3771,32,5
9454,3772,49,3
9455,3772,32,1
9456,3772,39,1
9457,3772,44,3
9458,3773,29,2
9459,3773,3,4
9460,3773,48,4
9461,3773,40,2
9462,3774,3,5
9463,3774,48,1
9464,3774,9,1
9465,3775,43,4
9466,3775,5,1
9467,3775,30,4
9468,3776,18,4
9469,3776,45,1
9470,3777,7,1
9471,3777,27,2
9472,3778,1,5
9473,3778,48,5
9474,3778,32,2
9475,3779,25,3
9476,3780,31,4
9477,3780,21,3
9478,3780,12,3
9479,3781,46,2
9480,3781,33,2
9481,3782,32,1
9482,3782,44,3
9483,3782,33,1
9484,3782,22,4
9485,3783,34,3
9486,3783,33,4
9487,3783,5,1
9488,3783,23,3
9489,3784,27,4
9490,3784,44,4
9491,3784,6,5
9492,3785,3,4
9493,3785,37,2
9494,3785,16,4
9495,3786,27,3
9496,3786,41,5
9497,3786,1,3
9498,3787,8,1
9499,3787,45,1
9500,3787,27,2
9501,3788,38,4
9502,3788,22,2
9503,3789,9,3
9504,3789,17,1
9505,3790,24,5
9506,3790,26,4
9507,3791,38,2
9508,3792,10,4
9509,3793,48,4
9510,3793,20,5
9511,3793,36,4
9512,3793,49,5
9513,3794,34,5
9514,3794,31,5
9515,3794,37,4
9516,3795,6,4
9517,3795,37,2
9518,3796,23,2
9519,3797,41,2
9520,3797,4,4
9521,3797,17,5
9522,3797,46,2
9523,3798,49,5
9524,3798,23,1
9525,3799,17,1
9526,3799,9,2
9527,3799,16,4
9528,3799,1,3
9529,3800,38,1
9530,3800,46,4
9531,3800,50,4
9532,3800,1,2
9533,3801,49,5
9534,3802,37,5
9535,3803,16,1
9536,3803,30,5
9537,3803,44,3
9538,3803,42,3
9539,3804,25,4
9540,3804,1,2
9541,3805,13,4
9542,3805,1,2
9543,3806,27,3
9544,3806,31,4
9545,3806,14,4
9546,3807,26,3
9547,3807,40,2
9548,3807,47,5
9549,3808,5,1
9550,3808,1,1
9551,3808,20,2
9552,3809,31,1
9553,3809,14,2
9554,3810,20,5
9555,3810,50,2
9556,3811,20,3
9557,3811,45,2
9558,3811,25,2
9559,3811,14,3
9560,3812,6,2
9561,3812,8,1
9562,3812,36,2
9563,3812,33,5
9564,3813,44,4
9565,3814,33,2
9566,3814,43,1
9567,3814,27,5
9568,3815,13,1
9569,3815,42,1
9570,3815,43,1
9571,3816,33,1
9572,3816,49,4
9573,3817,39,4
9574,3817,2,4
9575,3817,14,4
9576,3817,41,4
9577,3818,26,5
9578,3818,42,3
9579,3819,12,2
9580,3819,33,2
9581,3819,5,4
9582,3819,42,3
9583,3820,22,2
9584,3820,1,4
9585,3820,13,5
9586,3821,46,2
9587,3822,2,3
9588,3822,15,2
9589,3822,32,3
9590,3823,43,1
9591,3823,48,2
9592,3824,46,3
9593,3824,17,2
9594,3825,45,1
9595,3825,22,5
9596,3825,27,3
9597,3825,29,1
9598,3826,4,4
9599,3826,24,5
9600,3827,36,2
9601,3827,4,4
9602,3827,30,3
9603,3827,5,2
9604,3828,40,5
9605,3828,19,1
9606,3828,35,5
9607,3829,11,5
9608,3829,47,2
9609,3829,39,5
9610,3830,1,1
9611,3830,46,3
9612,3831,18,5
9613,3832,29,5
9614,3832,32,1
9615,3832,27,2
9616,3832,18,4
9617,3833,27,3
9618,3834,27,2
9619,3834,23,2
9620,3834,9,4
9621,3834,33,1
9622,3835,43,5
9623,3835,18,1
9624,3835,46,2
9625,3836,36,3
9626,3836,17,2
9627,3836,38,3
9628,3837,30,4
9629,3837,31,1
9630,3837,27,2
9631,3838,22,1
9632,3838,41,5
9633,3838,2,1
9634,3838,50,3
9635,3839,47,4
9636,3839,26,5
9637,3839,48,2
9638,3840,14,3
9639,3840,37,5
9640,3841,25,1
9641,3841,1,5
9642,3842,6,4
9643,3842,10,1
9644,3842,41,4
9645,3843,7,2
9646,3843,36,4
9647,3843,50,1
9648,3843,21,5
9649,3844,35,1
9650,3844,3,2
9651,3844,29,1
9652,3844,9,2
9653,3845,36,1
9654,3845,7,2
9655,3846,49,5
9656,3847,26,4
9657,3847,31,2
9658,3847,28,1
9659,3847,15,2
9660,3848,15,5
9661,3848,19,2
9662,3848,50,4
9663,3848,17,3
9664,3849,31,1
9665,3849,1,5
9666,3849,30,1
9667,3849,41,3
9668,3850,43,2
9669,3850,21,5
9670,3850,32,4
9671,3850,19,4
9672,3851,3,4
9673,3851,21,2
9674,3851,17,5
9675,3851,26,2
9676,3852,26,3
9677,3853,38,3
9678,3854,28,5
9679,3854,36,4
9680,3854,42,2
9681,3855,49,3
9682,3856,35,3
9683,3856,8,2
9684,3856,4,1
9685,3856,11,2
9686,3857,28,2
9687,3857,27,3
9688,3858,32,1
9689,3858,50,1
9690,3858,33,5
9691,3859,34,1
9692,3859,4,1
9693,3859,20,3
9694,3860,8,1
9695,3860,21,1
9696,3860,39,1
9697,3860,30,1
9698,3861,3,4
9699,3862,34,3
9700,3862,33,3
9701,3863,29,3
9702,3863,49,4
9703,3863,46,3
9704,3863,15,2
9705,3864,49,1
9706,3864,37,5
9707,3864,15,5
9708,3864,41,3
9709,3865,14,1
9710,3866,37,1
9711,3866,25,5
9712,3866,32,2
9713,3867,7,1
9714,3867,13,3
9715,3868,9,3
9716,3868,43,2
9717,3868,35,3
9718,3869,7,1
9719,3870,13,3
9720,3871,48,3
9721,3871,1,2
9722,3871,37,5
9723,3872,5,5
9724,3872,12,4
9725,3872,21,5
9726,3873,47,2
9727,3874,16,5
9728,3874,36,4
9729,3875,30,4
9730,3875,25,2
9731,3875,28,5
9732,3875,3,5
9733,3876,5,3
9734,3876,13,1
9735,3876,50,2
9736,3877,36,3
9737,3877,14,3
9738,3877,35,2
9739,3877,30,1
9740,3878,33,2
9741,3879,16,5
9742,3879,11,2
9743,3879,45,5
9744,3879,49,4
9745,3880,12,4
9746,3881,16,4
9747,3881,33,1
9748,3881,11,3
9749,3881,1,3
9750,3882,36,3
9751,3883,15,2
9752,3884,5,4
9753,3885,4,4
9754,3885,22,4
9755,3885,29,1
9756,3885,26,5
9757,3886,46,5
9758,3886,43,5
9759,3887,49,2
9760,3887,3,1
9761,3888,34,3
9762,3888,29,4
9763,3889,3,5
9764,3889,23,2
9765,3889,33,2
9766,3890,14,4
9767,3891,25,4
9768,3892,34,2
9769,3892,31,3
9770,3892,8,5
9771,3892,39,4
9772,3893,25,3
9773,3893,21,4
9774,3894,13,4
9775,3895,37,3
9776,3895,27,3
9777,3895,31,1
9778,3896,21,3
9779,3896,15,2
9780,3896,29,3
9781,3897,47,5
9782,3897,20,2
9783,3897,44,3
9784,3897,34,2
9785,3898,42,1
9786,3898,39,5
9787,3898,37,3
9788,3898,4,1
9789,3899,8,3
9790,3900,31,3
9791,3900,16,1
9792,3900,15,3
9793,3900,35,4
9794,3901,19,1
9795,3901,48,3
9796,3901,27,1
9797,3901,32,4
9798,3902,39,5
9799,3903,33,2
9800,3903,48,1
9801,3904,17,3
9802,3904,28,1
9803,3905,49,3
9804,3905,32,5
9805,3906,4,3
9806,3906,16,4
9807,3906,41,2
9808,3906,20,2
9809,3907,50,5
9810,3907,35,2
9811,3908,20,3
9812,3908,40,2
9813,3909,50,1
9814,3909,21,3
9815,3909,29,1
9816,3910,22,5
9817,3910,47,2
9818,3910,31,4
9819,3911,35,2
9820,3911,1,2
9821,3912,44,4
9822,3912,48,1
9823,3912,10,4
9824,3913,43,5
9825,3914,50,5
9826,3914,11,4
9827,3914,46,5
9828,3914,45,4
9829,3915,31,2
9830,3915,27,2
9831,3915,47,4
9832,3916,14,5
9833,3917,42,5
9834,3917,18,4
9835,3917,31,2
9836,3918,34,1
9837,3918,7,5
9838,3918,37,2
9839,3918,13,2
9840,3919,6,2
9841,3919,50,2
9842,3919,46,2
9843,3920,49,4
9844,3921,23,5
9845,3921,16,3
9846,3922,33,3
9847,3923,22,1
9848,3923,24,5
9849,3923,18,5
9850,3924,21,5
9851,3924,35,2
9852,3925,17,1
9853,3926,15,3
9854,3927,15,5
9855,3927,2,2
9856,3927,13,4
9857,3927,11,4
9858,3928,21,3
9859,3928,43,5
9860,3929,20,4
9861,3930,24,5
9862,3930,29,5
9863,3930,7,4
9864,3930,28,2
9865,3931,13,2
9866,3932,4,2
9867,3932,34,5
9868,3932,27,4
9869,3933,25,2
9870,3933,19,3
9871,3933,41,4
9872,3934,4,2
9873,3934,44,2
9874,3934,34,1
9875,3934,35,5
9876,3935,24,4
9877,3935,35,2
9878,3936,26,2
9879,3936,30,4
9880,3936,43,2
9881,3937,26,2
9882,3938,2,3
9883,3938,36,4
9884,3939,7,4
9885,3940,48,2
9886,3940,26,5
9887,3941,16,2
9888,3942,20,3
9889,3942,39,4
9890,3942,4,3
9891,3942,33,5
9892,3943,41,1
9893,3944,16,2
9894,3944,17,1
9895,3944,42,2
9896,3944,46,1
9897,3945,46,1
9898,3946,27,4
9899,3946,16,2
9900,3946,50,2
9901,3946,25,5
9902,3947,24,1
9903,3947,21,3
9904,3947,20,1
9905,3948,30,2
9906,3948,40,2
9907,3948,25,5
9908,3949,5,1
9909,3949,49,5
9910,3949,7,3
9911,3950,6,4
9912,3950,3,1
9913,3950,25,1
9914,3950,47,2
9915,3951,1,1
9916,3951,19,1
9917,3951,27,4
9918,3951,38,3
9919,3952,13,5
9920,3952,33,1
9921,3952,41,4
9922,3953,20,1
9923,3953,18,1
9924,3954,25,5
9925,3954,41,3
9926,3954,32,3
9927,3954,35,4
9928,3955,10,4
9929,3955,5,3
9930,3956,12,3
9931,3957,14,5
9932,3957,50,5
9933,3958,23,3
9934,3958,18,1
9935,3959,5,4
9936,3959,42,2
9937,3959,1,5
9938,3959,44,5
9939,3960,2,1
9940,3960,11,3
9941,3960,16,1
9942,3961,28,5
9943,3961,29,3
9944,3961,7,2
9945,3961,17,2
9946,3962,50,4
9947,3962,8,1
9948,3963,30,3
9949,3963,37,3
9950,3963,49,3
9951,3964,11,5
9952,3965,19,5
9953,3965,49,2
9954,3966,1,5
9955,3966,12,5
9956,3967,23,2
9957,3968,33,5
9958,3969,9,4
9959,3969,8,5
9960,3969,29,1
9961,3970,11,4
9962,3971,11,1
9963,3971,22,4
9964,3971,3,2
9965,3971,21,2
9966,3972,48,2
9967,3972,39,5
9968,3972,5,3
9969,3973,4,2
9970,3973,16,3
9971,3974,48,2
9972,3975,17,2
9973,3975,39,5
9974,3975,26,2
9975,3975,10,5
9976,3976,19,2
9977,3976,4,4
9978,3976,49,4
9979,3977,17,5
9980,3977,14,5
9981,3977,39,3
9982,3978,47,3
9983,3978,36,5
9984,3979,13,2
9985,3980,34,4
9986,3981,7,4
9987,3981,19,2
9988,3981,36,2
9989,3982,33,3
9990,3983,22,1
9991,3984,43,1
9992,3984,33,3
9993,3984,32,5
9994,3985,21,1
9995,3986,14,4
9996,3986,30,2
9997,3987,4,5
9998,3988,31,3
9999,3989,17,2
10000,3989,31,5
10001,3989,37,1
10002,3990,31,1
10003,3991,17,2
10004,3991,46,3
10005,3991,1,3
10006,3991,2,4
10007,3992,34,4
10008,3992,26,2
10009,3992,22,4
10010,3993,50,4
10011,3993,18,4
10012,3993,39,4
10013,3994,29,2
10014,3995,26,1
10015,3995,25,3
10016,3996,17,5
10017,3996,7,1
10018,3996,10,5
10019,3996,1,1
10020,3997,28,5
10021,3997,34,2
10022,3998,23,5
10023,3998,9,5
10024,3999,1,5
10025,3999,20,2
10026,3999,14,3
10027,4000,26,1
10028,4001,26,3
10029,4001,39,4
10030,4002,24,4
10031,4002,9,5
10032,4002,45,3
10033,4002,28,5
10034,4003,14,1
10035,4004,13,1
10036,4004,26,4
10037,4004,31,3
10038,4004,34,2
10039,4005,42,2
10040,4005,36,3
10041,4005,5,2
10042,4006,25,5
10043,4006,18,2
10044,4006,11,5
10045,4006,40,2
10046,4007,14,5
10047,4008,16,2
10048,4008,39,4
10049,4008,24,1
10050,4009,13,5
10051,4009,12,4
10052,4009,39,2
10053,4010,46,1
10054,4010,2,3
10055,4010,6,5
10056,4011,47,3
10057,4011,20,4
10058,4011,30,2
10059,4011,22,4
10060,4012,3,5
10061,4012,18,1
10062,4012,49,5
10063,4012,38,4
10064,4013,35,3
10065,4013,5,4
10066,4013,39,3
10067,4013,20,5
10068,4014,29,1
10069,4014,15,1
10070,4014,40,2
10071,4014,25,3
10072,4015,22,4
10073,4016,26,5
10074,4016,35,1
10075,4017,34,1
10076,4018,8,4
10077,4018,46,3
10078,4018,44,4
10079,4019,14,2
10080,4019,3,1
10081,4019,31,5
10082,4020,43,4
10083,4020,30,5
10084,4020,5,5
10085,4020,44,1
10086,4021,21,2
10087,4021,33,4
10088,4021,30,2
10089,4021,12,3
10090,4022,8,1
10091,4023,35,5
10092,4023,22,4
10093,4023,29,4
10094,4024,10,4
10095,4025,31,5
10096,4025,45,1
10097,4025,11,5
10098,4026,50,1
10099,4026,38,2
10100,4027,49,5
10101,4027,36,5
10102,4027,40,3
10103,4027,42,2
10104,4028,37,1
10105,4028,44,5
10106,4028,38,4
10107,4029,41,5
10108,4030,7,3
10109,4030,47,5
10110,4030,45,3
10111,4031,13,2
10112,4031,30,1
10113,4031,46,3
10114,4032,30,2
10115,4032,27,1
10116,4033,24,4
10117,4033,37,1
10118,4033,26,4
10119,4034,28,5
10120,4035,17,1
10121,4035,36,3
10122,4035,46,3
10123,4036,1,1
10124,4037,3,4
10125,4037,29,1
10126,4037,24,2
10127,4038,50,1
10128,4038,8,4
10129,4039,50,5
10130,4039,3,4
10131,4039,29,2
10132,4040,34,5
10133,4040,48,5
10134,4040,11,3
10135,4040,12,3
10136,4041,30,3
10137,4041,14,3
10138,4042,37,3
10139,4042,48,1
10140,4042,39,5
10141,4042,10,4
10142,4043,27,3
10143,4043,41,3
10144,4044,47,5
10145,4044,24,2
10146,4044,33,4
10147,4044,30,1
10148,4045,45,3
10149,4046,38,2
10150,4046,48,3
10151,4047,28,4
10152,4048,8,4
10153,4048,36,1
10154,4048,21,1
10155,4048,13,4
10156,4049,15,3
10157,4049,45,1
10158,4049,2,2
10159,4050,25,3
10160,4050,4,1
10161,4050,3,2
10162,4051,27,4
10163,4052,30,1
10164,4052,23,4
10165,4052,10,1
10166,4052,31,2
10167,4053,37,4
10168,4053,46,1
10169,4053,48,4
10170,4053,45,4
10171,4054,48,1
10172,4054,21,4
10173,4055,12,2
10174,4055,45,5
10175,4055,30,5
10176,4056,45,3
10177,4057,33,1
10178,4057,36,4
10179,4058,30,4
10180,4058,26,1
10181,4058,9,2
10182,4058,11,3
10183,4059,16,2
10184,4059,5,5
10185,4059,26,1
10186,4060,33,3
10187,4060,20,4
10188,4060,27,2
10189,4061,27,4
10190,4061,4,4
10191,4061,19,5
10192,4062,42,2
10193,4062,3,4
10194,4063,26,1
10195,4064,46,1
10196,4064,45,2
10197,4064,23,4
10198,4065,16,3
10199,4066,45,5
10200,4067,15,1
10201,4067,6,4
10202,4067,9,4
10203,4067,10,4
10204,4068,26,1
10205,4068,21,3
10206,4068,19,2
10207,4068,42,2
10208,4069,11,1
10209,4069,41,4
10210,4069,42,5
10211,4070,15,2
10212,4070,22,5
10213,4070,45,4
10214,4071,30,5
10215,4072,24,5
10216,4073,16,5
10217,4074,22,4
10218,4075,12,2
10219,4075,8,4
10220,4076,36,3
10221,4076,49,3
10222,4076,42,3
10223,4076,25,3
10224,4077,27,3
10225,4077,8,1
10226,4078,29,1
10227,4079,43,1
10228,4079,24,3
10229,4079,32,2
10230,4080,3,5
10231,4080,36,4
10232,4080,26,3
10233,4081,6,2
10234,4081,9,3
10235,4081,50,5
10236,4082,42,4
10237,4082,12,5
10238,4082,21,2
10239,4082,36,4
10240,4083,21,1
10241,4083,28,1
10242,4084,42,3
10243,4084,12,1
10244,4084,22,3
10245,4084,43,1
10246,4085,49,3
10247,4085,38,1
10248,4085,29,5
10249,4085,45,2
10250,4086,34,2
10251,4086,17,1
10252,4086,38,2
10253,4086,22,4
10254,4087,18,3
10255,4087,49,3
10256,4088,43,1
10257,4089,28,2
10258,4089,45,3
10259,4089,11,4
10260,4089,8,1
10261,4090,18,3
10262,4090,44,2
10263,4090,25,4
10264,4090,5,3
10265,4091,10,3
10266,4091,9,4
10267,4092,48,5
10268,4093,1,1
10269,4094,34,2
10270,4094,45,5
10271,4094,7,4
10272,4095,40,5
10273,4096,3,5
10274,4096,50,3
10275,4096,36,2
10276,4097,50,1
10277,4097,20,2
10278,4097,36,4
10279,4097,43,5
10280,4098,32,5
10281,4099,1,1
10282,4099,47,5
10283,4100,21,5
10284,4101,22,5
10285,4102,35,1
10286,4103,2,3
10287,4103,13,1
10288,4103,14,3
10289,4104,36,1
10290,4105,22,4
10291,4106,22,5
10292,4106,42,4
10293,4107,41,2
10294,4108,50,2
10295,4109,7,4
10296,4110,37,2
10297,4110,20,1
10298,4110,27,2
10299,4110,2,3
10300,4111,29,2
10301,4111,28,5
10302,4111,50,1
10303,4111,17,2
10304,4112,37,4
10305,4112,34,2
10306,4112,13,1
10307,4113,18,3
10308,4113,40,5
10309,4113,33,3
10310,4113,36,5
10311,4114,12,4
10312,4115,38,2
10313,4116,16,2
10314,4117,47,3
10315,4118,24,4
10316,4118,27,1
10317,4118,44,4
10318,4118,23,4
10319,4119,32,1
10320,4119,33,2
10321,4119,41,1
10322,4120,37,1
10323,4120,40,3
10324,4120,23,2
10325,4121,19,3
10326,4121,42,3
10327,4121,7,1
10328,4121,26,5
10329,4122,10,3
10330,4122,47,2
10331,4122,46,2
10332,4122,37,2
10333,4123,2,2
10334,4123,31,3
10335,4124,25,4
10336,4124,17,1
10337,4124,7,2
10338,4124,12,5
10339,4125,50,3
10340,4125,24,3
10341,4125,32,5
10342,4126,8,3
10343,4126,33,5
10344,4126,48,2
10345,4126,1,5
10346,4127,20,5
10347,4127,3,2
10348,4128,18,4
10349,4128,41,5
10350,4128,10,5
10351,4129,37,1
10352,4129,35,5
10353,4129,33,2
10354,4130,28,5
10355,4131,24,2
10356,4131,25,3
10357,4131,40,5
10358,4131,13,4
10359,4132,30,2
10360,4132,28,2
10361,4133,27,2
10362,4133,35,1
10363,4134,31,2
10364,4134,22,3
10365,4135,35,2
10366,4136,22,5
10367,4136,41,1
10368,4136,31,2
10369,4137,33,1
10370,4137,2,4
10371,4138,6,2
10372,4138,44,5
10373,4138,2,3
10374,4138,27,3
10375,4139,9,4
10376,4140,18,3
10377,4140,30,2
10378,4140,15,3
10379,4141,42,3
10380,4142,40,1
10381,4142,5,2
10382,4143,16,1
10383,4143,48,5
10384,4144,43,5
10385,4144,48,1
10386,4144,28,4
10387,4144,30,4
10388,4145,48,2
10389,4145,17,1
10390,4145,31,1
10391,4145,42,1
10392,4146,19,1
10393,4147,33,2
10394,4147,17,4
10395,4148,26,1
10396,4148,2,5
10397,4149,31,3
10398,4149,46,2
10399,4149,40,2
10400,4149,49,3
10401,4150,9,2
10402,4150,21,5
10403,4151,40,2
10404,4151,9,3
10405,4152,24,4
10406,4152,49,4
10407,4153,50,3
10408,4153,12,4
10409,4153,30,3
10410,4153,17,1
10411,4154,7,5
10412,4154,43,5
10413,4155,12,3
10414,4155,6,5
10415,4155,7,3
10416,4156,3,2
10417,4156,15,5
10418,4156,46,2
10419,4156,25,5
10420,4157,46,5
10421,4157,50,5
10422,4157,35,3
10423,4157,32,2
10424,4158,49,3
10425,4159,22,5
10426,4159,45,2
10427,4159,41,3
10428,4159,38,5
10429,4160,29,1
10430,4160,49,4
10431,4160,31,5
10432,4161,44,2
10433,4161,38,5
10434,4162,16,1
10435,4162,9,2
10436,4162,42,3
10437,4163,27,4
10438,4163,6,5
10439,4163,46,3
10440,4164,48,1
10441,4164,29,5
10442,4164,42,5
10443,4164,34,5
10444,4165,14,1
10445,4165,46,2
10446,4165,27,5
10447,4165,48,3
10448,4166,50,5
10449,4166,41,2
10450,4166,21,1
10451,4167,46,5
10452,4168,48,2
10453,4168,29,3
10454,4168,12,1
10455,4169,40,3
10456,4170,14,2
10457,4170,32,4
10458,4170,37,2
10459,4170,28,5
10460,4171,23,5
10461,4171,19,4
10462,4171,50,4
10463,4171,37,5
10464,4172,46,4
10465,4173,9,1
10466,4173,2,5
10467,4174,2,1
10468,4175,48,3
10469,4176,33,4
10470,4176,27,5
10471,4177,26,2
10472,4178,6,3
10473,4178,21,5
10474,4178,32,3
10475,4179,17,5
10476,4180,37,4
10477,4181,7,1
10478,4181,41,5
10479,4181,45,1
10480,4181,43,1
10481,4182,41,4
10482,4182,23,2
10483,4182,33,3
10484,4183,43,4
10485,4183,12,3
10486,4184,28,2
10487,4184,23,5
10488,4184,46,3
10489,4184,43,5
10490,4185,3,1
10491,4185,23,4
10492,4186,38,4
10493,4187,48,1
10494,4187,22,2
10495,4188,17,2
10496,4188,14,3
10497,4189,28,3
10498,4189,30,4
10499,4190,32,2
10500,4190,29,4
10501,4190,14,3
10502,4190,17,5
10503,4191,21,1
10504,4191,4,1
10505,4191,14,3
10506,4191,43,5
10507,4192,39,4
10508,4192,6,4
10509,4192,17,1
10510,4192,1,2
10511,4193,27,1
10512,4194,31,3
10513,4195,26,4
10514,4195,46,3
10515,4195,27,4
10516,4195,39,2
10517,4196,30,1
10518,4197,19,2
10519,4197,50,3
10520,4198,28,1
10521,4198,33,2
10522,4198,43,2
10523,4198,16,3
10524,4199,25,3
10525,4199,37,2
10526,4200,21,4
10527,4200,35,4
10528,4200,29,2
10529,4201,47,5
10530,4201,1,1
10531,4201,31,1
10532,4202,12,5
10533,4202,34,3
10534,4202,45,4
10535,4202,15,4
10536,4203,47,1
10537,4203,27,2
10538,4203,48,4
10539,4204,17,5
10540,4205,43,2
10541,4205,26,1
10542,4206,12,3
10543,4206,29,3
10544,4206,22,2
10545,4206,26,5
10546,4207,38,3
10547,4208,41,5
10548,4209,26,1
10549,4209,14,4
10550,4209,2,2
10551,4210,10,3
10552,4210,46,1
10553,4210,8,4
10554,4210,4,3
10555,4211,29,5
10556,4212,48,3
10557,4212,46,5
10558,4212,42,1
10559,4212,4,1
10560,4213,48,3
10561,4213,42,2
10562,4214,48,5
10563,4214,41,4
10564,4214,43,3
10565,4214,16,2
10566,4215,41,3
10567,4215,11,5
10568,4215,49,5
10569,4215,39,4
10570,4216,30,3
10571,4216,31,3
10572,4216,45,3
10573,4216,4,5
10574,4217,31,1
10575,4218,45,5
10576,4218,38,4
10577,4219,21,3
10578,4220,31,1
10579,4220,1,2
10580,4221,14,1
10581,4221,50,2
10582,4222,26,5
10583,4222,33,2
10584,4223,17,1
10585,4223,27,2
10586,4223,2,4
10587,4223,11,5
10588,4224,5,4
10589,4224,24,1
10590,4224,32,2
10591,4225,34,3
10592,4226,45,3
10593,4226,41,1
10594,4227,27,4
10595,4227,49,4
10596,4227,6,3
10597,4228,36,2
10598,4228,39,2
10599,4228,11,3
10600,4229,9,3
10601,4229,45,5
10602,4229,35,4
10603,4230,28,2
10604,4231,43,2
10605,4232,36,2
10606,4232,50,5
10607,4233,16,2
10608,4233,23,5
10609,4234,34,3
10610,4234,40,2
10611,4234,32,3
10612,4234,7,5
10613,4235,20,5
10614,4235,32,3
10615,4235,11,4
10616,4235,27,3
10617,4236,18,1
10618,4236,44,4
10619,4236,24,2
10620,4236,21,5
10621,4237,7,1
10622,4237,49,1
10623,4238,47,5
10624,4238,44,5
10625,4238,4,1
10626,4239,21,3
10627,4239,26,1
10628,4239,48,3
10629,4239,20,5
10630,4240,42,1
10631,4241,34,1
10632,4241,1,5
10633,4241,7,5
10634,4242,32,1
10635,4242,39,5
10636,4242,17,2
10637,4242,28,4
10638,4243,25,4
10639,4243,13,3
10640,4243,41,2
10641,4243,19,2
10642,4244,20,4
10643,4244,29,3
10644,4245,15,2
10645,4245,13,2
10646,4245,31,4
10647,4245,37,2
10648,4246,40,1
10649,4247,1,4
10650,4247,12,3
10651,4247,14,2
10652,4248,16,3
10653,4248,19,2
10654,4248,21,1
10655,4248,4,5
10656,4249,1,1
10657,4249,21,3
10658,4249,41,4
10659,4250,49,1
10660,4250,27,5
10661,4251,42,5
10662,4251,37,1
10663,4251,28,3
10664,4251,11,3
10665,4252,29,1
10666,4252,16,5
10667,4252,27,5
10668,4252,25,3
10669,4253,39,5
10670,4254,29,3
10671,4255,47,3
10672,4255,15,2
10673,4255,25,5
10674,4255,28,4
10675,4256,34,5
10676,4256,29,5
10677,4256,20,3
10678,4257,29,1
10679,4257,8,5
10680,4257,16,5
10681,4258,17,4
10682,4258,47,1
10683,4258,39,4
10684,4259,37,2
10685,4259,21,3
10686,4260,17,4
10687,4260,31,2
10688,4260,18,1
10689,4260,16,2
10690,4261,33,5
10691,4261,18,4
10692,4262,24,1
10693,4262,25,5
10694,4262,5,5
10695,4262,40,5
10696,4263,22,5
10697,4263,24,2
10698,4263,32,2
10699,4263,38,2
10700,4264,41,1
10701,4265,21,5
10702,4266,21,3
10703,4267,48,2
10704,4267,8,4
10705,4267,29,3
10706,4268,19,5
10707,4268,3,1
10708,4268,21,5
10709,4269,18,2
10710,4269,20,3
10711,4270,9,1
10712,4270,43,2
10713,4270,48,2
10714,4270,31,5
10715,4271,16,4
10716,4271,4,3
10717,4272,13,2
10718,4272,24,3
10719,4273,21,1
10720,4273,38,5
10721,4273,43,4
10722,4273,35,2
10723,4274,47,1
10724,4274,46,5
10725,4275,1,4
10726,4275,34,3
10727,4275,32,4
10728,4275,36,5
10729,4276,50,4
10730,4276,45,2
10731,4277,28,4
10732,4277,16,4
10733,4277,4,2
10734,4277,38,5
10735,4278,28,4
10736,4278,25,1
10737,4279,43,3
10738,4279,37,3
10739,4279,32,1
10740,4279,33,1
10741,4280,18,1
10742,4280,24,4
10743,4280,43,2
10744,4281,11,1
10745,4281,40,1
10746,4281,47,1
10747,4281,50,4
10748,4282,46,2
10749,4282,12,4
10750,4283,10,2
10751,4283,29,3
10752,4283,34,3
10753,4284,16,3
10754,4284,2,1
10755,4284,22,3
10756,4284,40,4
10757,4285,8,3
10758,4285,5,2
10759,4285,30,5
10760,4285,29,5
10761,4286,11,5
10762,4286,18,1
10763,4286,41,5
10764,4286,21,5
10765,4287,43,1
10766,4287,3,4
10767,4287,33,3
10768,4287,20,3
10769,4288,45,1
10770,4288,36,3
10771,4289,48,3
10772,4289,26,5
10773,4290,10,5
10774,4290,28,3
10775,4290,34,1
10776,4290,14,4
10777,4291,23,1
10778,4292,3,5
10779,4292,27,4
10780,4293,12,5
10781,4293,5,1
10782,4293,50,3
10783,4293,9,4
10784,4294,36,1
10785,4294,29,2
10786,4295,34,5
10787,4295,22,5
10788,4295,15,2
10789,4295,29,1
10790,4296,47,3
10791,4296,37,1
10792,4296,11,2
10793,4297,7,4
10794,4297,31,2
10795,4297,16,5
10796,4297,1,1
10797,4298,34,4
10798,4298,14,5
10799,4298,3,3
10800,4299,28,5
10801,4299,50,1
10802,4300,29,4
10803,4300,11,4
10804,4300,13,3
10805,4300,35,4
10806,4301,26,4
10807,4302,24,2
10808,4302,23,3
10809,4302,37,3
10810,4302,29,1
10811,4303,21,4
10812,4304,43,3
10813,4304,9,1
10814,4304,23,2
10815,4304,1,3
10816,4305,2,5
10817,4306,21,2
10818,4306,34,2
10819,4306,29,3
10820,4307,33,4
10821,4307,19,2
10822,4307,49,1
10823,4307,24,5
10824,4308,10,3
10825,4309,2,3
10826,4310,24,1
10827,4311,48,2
10828,4311,49,1
10829,4311,20,4
10830,4311,38,4
10831,4312,34,1
10832,4313,50,3
10833,4313,44,3
10834,4313,8,4
10835,4313,6,4
10836,4314,15,3
10837,4315,46,3
10838,4316,43,1
10839,4316,42,1
10840,4316,23,3
10841,4316,3,3
10842,4317,3,5
10843,4317,42,2
10844,4317,36,2
10845,4318,2,1
10846,4318,26,4
10847,4318,37,3
10848,4318,40,5
10849,4319,40,4
10850,4319,16,3
10851,4319,22,5
10852,4320,44,2
10853,4321,14,4
10854,4321,36,2
10855,4321,26,2
10856,4321,19,3
10857,4322,21,1
10858,4322,50,4
10859,4322,33,1
10860,4323,16,1
10861,4323,23,3
10862,4324,17,5
10863,4324,18,4
10864,4325,45,1
10865,4325,16,1
10866,4325,43,1
10867,4325,39,3
10868,4326,14,5
10869,4326,38,1
10870,4326,46,3
10871,4327,32,1
10872,4327,41,3
10873,4327,11,1
10874,4327,21,5
10875,4328,8,5
10876,4328,48,5
10877,4328,29,5
10878,4328,4,4
10879,4329,5,1
10880,4329,32,5
10881,4330,26,4
10882,4331,15,1
10883,4332,41,3
10884,4332,35,4
10885,4333,44,2
10886,4334,24,1
10887,4335,25,3
10888,4336,17,2
10889,4336,27,3
10890,4336,25,4
10891,4337,8,3
10892,4337,10,2
10893,4338,7,5
10894,4338,9,5
10895,4338,29,4
10896,4338,26,4
10897,4339,50,5
10898,4339,11,3
10899,4340,48,4
10900,4340,41,3
10901,4340,38,3
10902,4340,20,1
10903,4341,41,5
10904,4342,8,2
10905,4342,30,1
10906,4342,15,3
10907,4342,42,4
10908,4343,28,1
10909,4344,12,3
10910,4344,25,3
10911,4344,6,4
10912,4345,27,3
10913,4346,17,3
10914,4347,24,2
10915,4348,17,5
10916,4348,19,2
10917,4348,23,5
10918,4348,44,4
10919,4349,47,1
10920,4349,24,5
10921,4349,17,1
10922,4350,47,5
10923,4350,30,1
10924,4351,39,4
10925,4351,33,2
10926,4351,32,1
10927,4352,36,4
10928,4352,13,2
10929,4353,21,2
10930,4353,48,4
10931,4353,11,4
10932,4353,20,1
10933,4354,19,3
10934,4354,43,4
10935,4354,44,3
10936,4354,8,3
10937,4355,11,4
10938,4356,13,3
10939,4357,19,3
10940,4357,10,3
10941,4358,25,2
10942,4358,6,2
10943,4358,36,4
10944,4359,6,5
10945,4359,14,3
10946,4360,45,3
10947,4361,5,3
10948,4361,1,3
10949,4361,37,2
10950,4362,50,3
10951,4362,10,1
10952,4362,31,3
10953,4363,35,5
10954,4363,33,3
10955,4363,41,5
10956,4363,4,2
10957,4364,29,2
10958,4365,5,2
10959,4365,10,3
10960,4365,26,1
10961,4365,13,2
10962,4366,32,1
10963,4366,34,2
10964,4367,27,2
10965,4367,31,4
10966,4368,16,4
10967,4368,10,2
10968,4369,29,4
10969,4369,47,5
10970,4369,28,3
10971,4369,19,5
10972,4370,38,3
10973,4371,35,4
10974,4371,29,3
10975,4371,41,5
10976,4371,46,2
10977,4372,18,2
10978,4372,39,1
10979,4372,40,2
10980,4373,32,4
10981,4373,23,4
10982,4373,41,5
10983,4373,11,3
10984,4374,44,3
10985,4375,26,4
10986,4375,42,4
10987,4376,49,1
10988,4376,12,2
10989,4377,26,1
10990,4378,7,4
10991,4378,31,5
10992,4379,22,2
10993,4380,3,5
10994,4380,14,2
10995,4380,36,2
10996,4381,7,3
10997,4381,42,1
10998,4382,7,4
10999,4383,18,2
11000,4383,35,4
11001,4383,1,2
11002,4383,11,5
11003,4384,8,5
11004,4385,33,5
11005,4385,34,3
11006,4386,5,3
11007,4386,8,3
11008,4387,37,5
11009,4387,31,1
11010,4388,32,1
11011,4388,16,3
11012,4388,17,5
11013,4389,2,4
11014,4390,1,2
11015,4390,33,4
11016,4390,27,3
11017,4390,12,1
11018,4391,26,4
11019,4391,3,2
11020,4391,10,2
11021,4392,32,5
11022,4392,36,2
11023,4392,41,2
11024,4393,7,2
11025,4393,41,4
11026,4393,36,1
11027,4394,22,4
11028,4394,3,2
11029,4395,4,5
11030,4396,3,4
11031,4396,5,5
11032,4396,21,5
11033,4397,42,5
11034,4397,2,5
11035,4397,26,1
11036,4397,9,1
11037,4398,42,5
11038,4398,23,4
11039,4398,12,4
11040,4398,28,3
11041,4399,35,2
11042,4400,36,5
11043,4400,6,2
11044,4400,49,1
11045,4400,26,3
11046,4401,29,2
11047,4402,13,4
11048,4402,4,1
11049,4402,34,3
11050,4402,44,2
11051,4403,13,5
11052,4404,39,2
11053,4405,4,3
11054,4406,12,1
11055,4406,26,2
11056,4406,3,3
11057,4406,31,4
11058,4407,33,4
11059,4407,21,5
11060,4407,42,5
11061,4408,5,2
11062,4408,15,4
11063,4409,35,3
11064,4409,8,2
11065,4410,39,2
11066,4410,14,2
11067,4411,43,3
11068,4411,44,3
11069,4411,12,1
11070,4411,50,1
11071,4412,38,2
11072,4412,43,5
11073,4412,44,3
11074,4413,50,1
11075,4413,24,5
11076,4413,19,5
11077,4413,16,4
11078,4414,24,4
11079,4414,39,5
11080,4414,18,1
11081,4415,31,5
11082,4416,48,4
11083,4416,18,2
11084,4417,27,4
11085,4417,39,3
11086,4417,34,3
11087,4417,16,3
11088,4418,18,3
11089,4419,35,3
11090,4419,32,1
11091,4420,48,4
11092,4421,3,2
11093,4421,40,1
11094,4421,38,4
11095,4421,4,2
11096,4422,41,1
11097,4423,50,5
11098,4423,24,5
11099,4424,19,2
11100,4425,16,3
11101,4425,8,4
11102,4426,17,1
11103,4426,2,3
11104,4426,8,4
11105,4426,4,1
11106,4427,40,2
11107,4428,21,1
11108,4428,12,4
11109,4429,12,1
11110,4429,25,5
11111,4430,5,3
11112,4430,25,2
11113,4431,26,1
11114,4431,15,3
11115,4431,8,1
11116,4431,25,5
11117,4432,13,1
11118,4432,7,1
11119,4433,6,5
11120,4433,45,5
11121,4433,29,3
11122,4433,8,3
11123,4434,48,1
11124,4434,17,5
11125,4434,3,5
11126,4434,22,3
11127,4435,36,1
11128,4436,1,3
11129,4437,50,3
11130,4437,29,2
11131,4437,15,4
11132,4437,41,2
11133,4438,39,4
11134,4438,24,4
11135,4438,6,2
11136,4439,12,2
11137,4439,17,1
11138,4439,8,2
11139,4440,34,4
11140,4440,49,4
11141,4441,4,4
11142,4442,21,2
11143,4442,48,3
11144,4442,28,5
11145,4442,2,2
11146,4443,24,4
11147,4443,29,4
11148,4444,6,5
11149,4444,43,1
11150,4444,20,3
11151,4445,6,2
11152,4445,32,2
11153,4445,22,4
11154,4445,13,5
11155,4446,45,2
11156,4446,44,4
11157,4446,50,1
11158,4446,23,3
11159,4447,34,1
11160,4447,40,4
11161,4447,46,5
11162,4447,39,2
11163,4448,31,1
11164,4449,8,3
11165,4449,6,2
11166,4449,5,3
11167,4450,11,3
11168,4451,24,4
11169,4451,20,2
11170,4451,27,1
11171,4452,29,4
11172,4452,5,3
11173,4453,37,1
11174,4454,26,3
11175,4454,39,1
11176,4454,21,5
11177,4454,20,3
11178,4455,48,1
11179,4455,1,1
11180,4455,13,1
11181,4455,17,4
11182,4456,6,1
11183,4456,30,2
11184,4456,2,1
11185,4456,25,1
11186,4457,44,2
11187,4458,14,5
11188,4458,35,1
11189,4458,15,4
11190,4458,6,2
11191,4459,16,3
11192,4460,38,3
11193,4460,25,1
11194,4460,23,1
11195,4460,28,1
11196,4461,43,3
11197,4462,9,1
11198,4462,50,4
11199,4462,26,5
11200,4463,19,1
11201,4463,5,4
11202,4464,14,2
11203,4464,18,3
11204,4464,49,1
11205,4465,17,4
11206,4466,19,4
11207,4466,43,2
11208,4466,26,3
11209,4467,9,1
11210,4467,15,4
11211,4468,9,1
11212,4468,48,4
11213,4468,5,5
11214,4469,26,5
11215,4469,4,5
11216,4469,15,3
11217,4470,41,3
11218,4471,16,4
11219,4471,18,4
11220,4472,10,4
11221,4472,5,3
11222,4472,49,4
11223,4473,21,2
11224,4473,13,1
11225,4473,49,4
11226,4474,38,4
11227,4474,21,1
11228,4474,1,3
11229,4475,7,4
11230,4475,45,1
11231,4475,14,2
11232,4476,42,2
11233,4476,28,1
11234,4476,48,1
11235,4477,35,4
11236,4477,39,5
11237,4477,44,4
11238,4477,3,5
11239,4478,29,1
11240,4478,48,1
11241,4478,25,5
11242,4479,1,1
11243,4479,18,3
11244,4480,41,3
11245,4480,19,4
11246,4480,32,2
11247,4481,18,2
11248,4481,45,3
11249,4482,16,4
11250,4482,28,1
11251,4482,49,1
11252,4482,39,4
11253,4483,10,1
11254,4483,24,4
11255,4483,16,3
11256,4484,17,1
11257,4485,31,1
11258,4485,2,1
11259,4486,40,5
11260,4486,26,4
11261,4486,36,3
11262,4487,48,5
11263,4488,11,3
11264,4488,37,3
11265,4488,2,1
11266,4489,31,5
11267,4489,37,1
11268,4489,10,5
11269,4490,29,4
11270,4490,47,4
11271,4490,10,5
11272,4491,26,2
11273,4492,19,4
11274,4492,5,1
11275,4493,39,3
11276,4494,3,4
11277,4494,45,2
11278,4494,47,4
11279,4495,33,5
11280,4496,26,5
11281,4497,6,1
11282,4497,49,2
11283,4498,30,5
11284,4499,39,2
11285,4499,9,2
11286,4499,36,2
11287,4500,6,3
11288,4500,12,4
11289,4501,32,2
11290,4501,9,5
11291,4501,23,3
11292,4501,1,4
11293,4502,28,2
11294,4503,45,2
11295,4503,8,3
11296,4503,17,2
11297,4503,6,4
11298,4504,13,4
11299,4504,10,2
11300,4504,21,4
11301,4504,42,3
11302,4505,7,3
11303,4505,44,2
11304,4506,39,3
11305,4507,3,5
11306,4507,29,2
11307,4508,17,5
11308,4508,8,4
11309,4508,24,1
11310,4508,42,5
11311,4509,10,3
11312,4509,22,5
11313,4509,4,2
11314,4510,15,5
11315,4510,42,3
11316,4510,1,3
11317,4511,32,4
11318,4511,39,3
11319,4511,46,2
11320,4511,15,4
11321,4512,30,3
11322,4512,38,4
11323,4513,15,1
11324,4513,34,4
11325,4514,9,5
11326,4515,6,3
11327,4515,16,1
11328,4516,43,1
11329,4517,42,1
11330,4517,14,1
11331,4518,31,3
11332,4519,24,1
11333,4519,49,2
11334,4520,26,5
11335,4520,37,3
11336,4520,18,1
11337,4521,14,2
11338,4521,9,2
11339,4522,11,5
11340,4522,3,4
11341,4523,34,3
11342,4523,49,4
11343,4524,50,5
11344,4525,14,2
11345,4525,38,4
11346,4525,7,1
11347,4526,36,2
11348,4526,29,4
11349,4526,34,5
11350,4527,8,1
11351,4527,15,4
11352,4528,9,1
11353,4528,25,5
11354,4529,40,5
11355,4530,29,3
11356,4530,5,1
11357,4531,5,5
11358,4531,29,3
11359,4532,46,5
11360,4532,39,2
11361,4532,35,5
11362,4533,13,4
11363,4534,42,2
11364,4534,29,5
11365,4534,48,1
11366,4535,15,2
11367,4536,4,3
11368,4536,43,4
11369,4536,17,2
11370,4536,37,3
11371,4537,21,4
11372,4537,20,4
11373,4537,2,1
11374,4538,21,2
11375,4539,21,5
11376,4539,42,2
11377,4539,33,2
11378,4540,36,1
11379,4540,47,5
11380,4540,7,1
11381,4541,37,2
11382,4541,42,5
11383,4542,4,5
11384,4542,9,3
11385,4542,47,4
11386,4543,38,3
11387,4543,36,5
11388,4543,49,4
11389,4543,11,3
11390,4544,30,3
11391,4544,5,4
11392,4545,7,2
11393,4545,21,1
11394,4545,16,4
11395,4546,25,4
11396,4547,44,4
11397,4547,32,2
11398,4547,4,2
11399,4547,42,1
11400,4548,37,1
11401,4549,45,3
11402,4549,6,3
11403,4549,7,2
11404,4549,38,1
11405,4550,32,1
11406,4550,14,2
11407,4551,44,4
11408,4551,4,4
11409,4551,15,5
11410,4552,30,1
11411,4553,32,2
11412,4553,37,1
11413,4554,7,1
11414,4554,35,1
11415,4554,38,3
11416,4554,9,3
11417,4555,3,2
11418,4555,31,1
11419,4556,12,3
11420,4556,18,2
11421,4556,29,3
11422,4556,45,4
11423,4557,31,3
11424,4557,16,3
11425,4557,10,1
11426,4558,22,5
11427,4558,9,1
11428,4558,37,3
11429,4558,43,2
11430,4559,29,2
11431,4559,40,1
11432,4559,41,4
11433,4559,8,2
11434,4560,40,3
11435,4561,36,2
11436,4561,43,3
11437,4561,39,3
11438,4561,2,1
11439,4562,37,5
11440,4563,35,3
11441,4563,48,4
11442,4563,17,3
11443,4563,18,4
11444,4564,47,4
11445,4565,19,3
11446,4565,12,3
11447,4565,3,1
11448,4566,6,3
11449,4566,24,4
11450,4566,45,4
11451,4567,1,1
11452,4567,37,1
11453,4567,12,4
11454,4568,21,2
11455,4568,39,1
11456,4568,48,1
11457,4568,44,1
11458,4569,17,1
11459,4569,41,3
11460,4570,23,5
11461,4571,25,4
11462,4572,37,1
11463,4573,18,3
11464,4573,28,5
11465,4573,23,3
11466,4574,4,1
11467,4575,19,1
11468,4576,19,4
11469,4577,23,4
11470,4577,17,4
11471,4577,40,5
11472,4578,19,5
11473,4578,47,4
11474,4579,11,1
11475,4579,24,3
11476,4579,27,5
11477,4580,19,4
11478,4580,26,2
11479,4581,29,1
11480,4581,28,2
11481,4581,4,5
11482,4582,45,4
11483,4583,48,1
11484,4583,6,2
11485,4583,33,1
11486,4584,23,3
11487,4584,12,1
11488,4584,44,5
11489,4584,43,1
11490,4585,37,1
11491,4585,22,3
11492,4585,39,2
11493,4586,22,1
11494,4587,5,1
11495,4587,50,4
11496,4587,32,3
11497,4587,17,4
11498,4588,50,2
11499,4588,47,1
11500,4588,43,1
11501,4588,25,2
11502,4589,45,1
11503,4589,16,5
11504,4590,26,3
11505,4590,31,3
11506,4590,4,4
11507,4590,11,1
11508,4591,33,4
11509,4591,17,5
11510,4591,19,4
11511,4591,18,3
11512,4592,49,5
11513,4592,42,2
11514,4592,33,3
11515,4593,6,2
11516,4593,43,2
11517,4593,35,5
11518,4594,6,2
11519,4595,41,3
11520,4595,9,4
11521,4595,18,5
11522,4595,48,2
11523,4596,48,1
11524,4596,46,3
11525,4596,21,3
11526,4596,37,5
11527,4597,2,3
11528,4597,1,4
11529,4597,37,3
11530,4598,26,2
11531,4598,16,3
11532,4598,38,5
11533,4599,36,2
11534,4599,2,4
11535,4599,42,4
11536,4599,31,4
11537,4600,17,4
11538,4600,37,5
11539,4600,31,1
11540,4600,14,3
11541,4601,18,3
11542,4601,10,1
11543,4602,35,4
11544,4603,28,2
11545,4604,20,4
11546,4604,29,4
11547,4604,28,4
11548,4604,30,1
11549,4605,38,1
11550,4606,24,4
11551,4606,11,3
11552,4607,22,5
11553,4607,37,2
11554,4608,29,4
11555,4609,1,4
11556,4609,34,3
11557,4609,23,5
11558,4609,27,1
11559,4610,41,3
11560,4611,47,4
11561,4611,14,4
11562,4611,38,1
11563,4611,42,3
11564,4612,29,3
11565,4612,31,1
11566,4612,8,3
11567,4613,30,1
11568,4613,4,1
11569,4613,9,3
11570,4613,24,3
11571,4614,17,1
11572,4614,40,5
11573,4614,19,5
11574,4615,30,3
11575,4615,21,4
11576,4615,9,2
11577,4616,17,3
11578,4616,18,3
11579,4616,48,3
11580,4616,36,3
11581,4617,25,2
11582,4617,49,2
11583,4617,44,3
11584,4617,27,3
11585,4618,1,3
11586,4618,46,1
11587,4619,14,4
11588,4619,50,2
11589,4619,1,4
11590,4620,9,2
11591,4620,34,4
11592,4620,41,4
11593,4620,46,5
11594,4621,44,4
11595,4621,33,1
11596,4621,36,5
11597,4622,11,4
11598,4622,48,4
11599,4622,42,1
11600,4623,27,5
11601,4623,28,5
11602,4624,41,2
11603,4625,28,5
11604,4625,44,2
11605,4625,20,5
11606,4625,17,3
11607,4626,45,1
11608,4626,24,1
11609,4627,39,3
11610,4627,26,2
11611,4627,7,4
11612,4627,28,4
11613,4628,44,3
11614,4628,34,4
11615,4628,17,1
11616,4628,9,4
11617,4629,37,1
11618,4629,5,4
11619,4629,38,2
11620,4630,38,4
11621,4630,22,2
11622,4630,2,3
11623,4630,44,5
11624,4631,23,1
11625,4631,3,4
11626,4632,23,4
11627,4633,34,5
11628,4633,4,2
11629,4633,31,2
11630,4633,40,1
11631,4634,43,1
11632,4634,3,2
11633,4634,2,2
11634,4634,34,3
11635,4635,10,2
11636,4636,20,5
11637,4636,15,2
11638,4636,12,3
11639,4636,28,5
11640,4637,7,1
11641,4637,36,4
11642,4637,1,5
11643,4638,40,2
11644,4638,8,5
11645,4638,42,3
11646,4639,17,1
11647,4639,3,5
11648,4639,16,2
11649,4639,5,5
11650,4640,39,3
11651,4640,7,5
11652,4640,17,3
11653,4640,28,1
11654,4641,42,2
11655,4642,13,2
11656,4643,24,5
11657,4644,28,3
11658,4644,44,2
11659,4644,42,2
11660,4644,38,5
11661,4645,13,2
11662,4645,36,4
11663,4645,44,3
11664,4646,11,3
11665,4646,34,4
11666,4646,33,2
11667,4647,47,5
11668,4647,31,3
11669,4647,16,1
11670,4647,20,2
11671,4648,47,2
11672,4649,31,4
11673,4649,9,5
11674,4649,44,2
11675,4649,6,1
11676,4650,11,3
11677,4650,23,2
11678,4650,3,2
11679,4650,22,4
11680,4651,40,3
11681,4651,39,5
11682,4651,10,2
11683,4651,18,4
11684,4652,26,4
11685,4652,36,4
11686,4653,47,5
11687,4653,33,5
11688,4654,39,5
11689,4654,6,4
11690,4654,11,4
11691,4655,33,4
11692,4655,32,3
11693,4656,35,1
11694,4656,25,3
11695,4656,40,1
11696,4656,6,4
11697,4657,46,5
11698,4657,11,4
11699,4657,39,3
11700,4657,25,2
11701,4658,7,4
11702,4658,48,2
11703,4658,21,1
11704,4659,10,1
11705,4660,2,1
11706,4660,17,4
11707,4660,5,1
11708,4661,9,5
11709,4662,16,1
11710,4662,45,2
11711,4662,30,4
11712,4663,29,3
11713,4663,34,5
11714,4663,7,4
11715,4664,23,1
11716,4664,21,1
11717,4665,24,1
11718,4665,14,1
11719,4666,8,3
11720,4667,24,2
11721,4667,26,1
11722,4667,29,2
11723,4668,4,1
11724,4668,45,4
11725,4668,3,3
11726,4668,47,5
11727,4669,6,3
11728,4669,29,4
11729,4670,32,2
11730,4671,12,1
11731,4672,14,4
11732,4672,30,1
11733,4672,16,1
11734,4672,39,1
11735,4673,43,3
11736,4674,27,1
11737,4674,11,5
11738,4675,11,3
11739,4675,47,1
11740,4676,27,1
11741,4677,34,3
11742,4677,25,3
11743,4678,26,3
11744,4678,4,1
11745,4678,11,3
11746,4678,42,2
11747,4679,35,3
11748,4679,47,4
11749,4679,3,1
11750,4680,36,1
11751,4681,20,3
11752,4682,6,3
11753,4683,5,1
11754,4683,46,5
11755,4684,40,1
11756,4684,41,2
11757,4684,27,4
11758,4685,39,3
11759,4685,50,4
11760,4685,13,4
11761,4685,45,5
11762,4686,27,5
11763,4686,4,3
11764,4686,21,4
11765,4686,17,2
11766,4687,31,3
11767,4687,23,2
11768,4687,1,2
11769,4688,26,1
11770,4688,17,4
11771,4688,49,5
11772,4689,43,5
11773,4689,48,4
11774,4689,45,1
11775,4690,22,5
11776,4690,17,2
11777,4690,7,4
11778,4690,48,4
11779,4691,8,3
11780,4692,25,1
11781,4693,36,5
11782,4693,2,4
11783,4693,5,3
11784,4694,32,2
11785,4694,3,4
11786,4694,36,4
11787,4695,21,3
11788,4695,3,1
11789,4695,17,3
11790,4695,18,3
11791,4696,40,2
11792,4696,17,4
11793,4697,41,1
11794,4697,2,3
11795,4697,34,1
11796,4697,35,1
11797,4698,8,5
11798,4698,15,4
11799,4698,29,2
11800,4699,33,1
11801,4699,17,3
11802,4699,40,2
11803,4699,29,3
11804,4700,27,5
11805,4701,19,2
11806,4702,29,4
11807,4703,29,1
11808,4704,28,5
11809,4705,17,2
11810,4706,24,2
11811,4706,37,5
11812,4706,31,4
11813,4706,10,4
11814,4707,48,3
11815,4707,7,3
11816,4707,44,1
11817,4707,4,4
11818,4708,21,1
11819,4709,32,4
11820,4710,6,4
11821,4711,49,5
11822,4711,8,1
11823,4711,46,1
11824,4712,31,5
11825,4712,36,3
11826,4712,17,3
11827,4712,12,3
11828,4713,28,4
11829,4713,7,4
11830,4713,34,4
11831,4713,41,1
11832,4714,28,1
11833,4714,32,5
11834,4714,9,2
11835,4714,45,2
11836,4715,20,1
11837,4715,38,3
11838,4716,1,5
11839,4716,41,2
11840,4717,24,2
11841,4718,12,4
11842,4718,48,5
11843,4718,24,2
11844,4718,40,2
11845,4719,30,5
11846,4719,18,5
11847,4719,45,1
11848,4719,4,2
11849,4720,23,5
11850,4721,19,4
11851,4721,45,5
11852,4721,30,5
11853,4722,6,2
11854,4723,22,4
11855,4723,49,2
11856,4724,35,2
11857,4725,7,5
11858,4725,48,1
11859,4725,1,2
11860,4725,36,3
11861,4726,43,2
11862,4726,3,1
11863,4726,5,4
11864,4726,26,2
11865,4727,4,5
11866,4727,15,3
11867,4727,24,5
11868,4727,22,1
11869,4728,8,4
11870,4728,26,1
11871,4728,29,4
11872,4729,10,5
11873,4729,37,4
11874,4729,26,2
11875,4729,23,4
11876,4730,9,3
11877,4731,25,4
11878,4731,33,2
11879,4732,4,2
11880,4732,40,2
11881,4733,18,5
11882,4733,24,1
11883,4733,3,4
11884,4734,2,5
11885,4734,40,4
11886,4734,29,2
11887,4735,7,3
11888,4735,35,1
11889,4735,13,1
11890,4735,41,1
11891,4736,28,4
11892,4737,35,3
11893,4737,19,2
11894,4737,33,5
11895,4738,2,1
11896,4738,49,3
11897,4739,4,4
11898,4739,15,1
11899,4739,45,5
11900,4739,21,5
11901,4740,3,2
11902,4740,25,4
11903,4740,18,3
11904,4740,37,5
11905,4741,19,3
11906,4742,40,5
11907,4742,4,2
11908,4742,41,1
11909,4742,21,3
11910,4743,1,5
11911,4743,9,5
11912,4743,32,1
11913,4743,42,2
11914,4744,28,2
11915,4744,17,1
11916,4744,24,1
11917,4744,8,3
11918,4745,8,5
11919,4746,32,4
11920,4746,22,2
11921,4746,20,5
11922,4747,35,3
11923,4748,32,1
11924,4748,20,4
11925,4749,33,5
11926,4749,11,3
11927,4750,29,2
11928,4751,21,1
11929,4751,15,3
11930,4751,12,2
11931,4752,5,1
11932,4752,21,1
11933,4752,24,2
11934,4753,11,1
11935,4753,17,1
11936,4753,30,4
11937,4754,44,1
11938,4754,49,3
11939,4754,50,1
11940,4754,23,2
11941,4755,34,3
11942,4756,33,1
11943,4757,48,1
11944,4757,6,2
11945,4757,19,1
11946,4758,32,3
11947,4759,18,3
11948,4760,22,4
11949,4761,14,2
11950,4761,50,4
11951,4762,45,4
11952,4762,40,5
11953,4762,10,5
11954,4762,50,5
11955,4763,29,4
11956,4763,15,5
11957,4763,33,2
11958,4764,37,2
11959,4765,12,1
11960,4765,14,4
11961,4765,39,1
11962,4766,27,4
11963,4766,13,1
11964,4766,3,2
11965,4767,8,2
11966,4767,14,5
11967,4767,31,3
11968,4768,9,3
11969,4769,37,2
11970,4770,25,4
11971,4770,38,3
11972,4770,19,2
11973,4770,13,4
11974,4771,44,1
11975,4771,45,3
11976,4771,13,3
11977,4772,24,1
11978,4772,27,3
11979,4772,36,1
11980,4773,7,2
11981,4773,19,1
11982,4773,25,5
11983,4774,40,4
11984,4774,36,2
11985,4774,38,2
11986,4774,31,1
11987,4775,13,3
11988,4775,1,2
11989,4776,16,5
11990,4776,15,5
11991,4777,7,5
11992,4777,43,4
11993,4778,50,2
11994,4779,2,2
11995,4779,40,4
11996,4779,47,1
11997,4780,1,3
11998,4780,2,2
11999,4780,50,5
12000,4781,25,4
12001,4781,28,1
12002,4781,33,4
12003,4781,20,2
12004,4782,3,3
12005,4782,48,4
12006,4782,11,5
12007,4782,30,5
12008,4783,28,1
12009,4783,13,3
12010,4783,27,2
12011,4783,33,4
12012,4784,34,5
12013,4784,4,5
12014,4785,13,5
12015,4785,3,4
12016,4786,6,5
12017,4787,19,4
12018,4787,30,1
12019,4788,24,4
12020,4788,7,2
12021,4788,34,1
12022,4788,45,1
12023,4789,13,2
12024,4789,26,5
12025,4789,30,1
12026,4789,34,4
12027,4790,1,5
12028,4790,25,5
12029,4790,50,1
12030,4790,26,2
12031,4791,38,2
12032,4791,4,3
12033,4791,20,2
12034,4791,47,5
12035,4792,25,1
12036,4792,21,4
12037,4792,33,5
12038,4793,44,4
12039,4794,11,3
12040,4794,41,1
12041,4795,39,1
12042,4795,29,1
12043,4795,1,5
12044,4795,14,1
12045,4796,17,1
12046,4796,36,5
12047,4797,47,4
12048,4797,17,5
12049,4797,34,5
12050,4798,18,5
12051,4799,13,4
12052,4799,17,3
12053,4800,45,2
12054,4800,30,4
12055,4800,48,1
12056,4800,41,2
12057,4801,14,1
12058,4802,28,4
12059,4803,20,5
12060,4803,4,5
12061,4803,21,4
12062,4803,41,3
12063,4804,41,5
12064,4804,2,4
12065,4805,45,2
12066,4806,34,3
12067,4806,12,2
12068,4806,42,4
12069,4806,50,1
12070,4807,27,5
12071,4807,48,5
12072,4808,2,3
12073,4808,19,4
12074,4808,6,5
12075,4808,22,1
12076,4809,41,4
12077,4809,47,2
12078,4810,19,2
12079,4811,31,3
12080,4812,9,5
12081,4812,18,3
12082,4812,31,3
12083,4812,39,2
12084,4813,8,5
12085,4813,32,2
12086,4814,15,5
12087,4814,47,4
12088,4814,3,4
12089,4814,23,4
12090,4815,3,3
12091,4815,34,1
12092,4816,34,3
12093,4816,18,1
12094,4816,46,1
12095,4816,26,3
12096,4817,29,2
12097,4817,19,1
12098,4817,27,5
12099,4817,25,5
12100,4818,33,3
12101,4818,43,2
12102,4818,21,3
12103,4818,28,3
12104,4819,10,5
12105,4819,17,4
12106,4819,22,4
12107,4820,12,1
12108,4820,40,4
12109,4820,37,2
12110,4820,39,2
12111,4821,31,4
12112,4821,40,1
12113,4821,18,1
12114,4821,3,3
12115,4822,7,2
12116,4822,15,4
12117,4822,34,2
12118,4823,43,2
12119,4823,35,5
12120,4823,34,2
12121,4823,14,2
12122,4824,9,3
12123,4824,10,4
12124,4824,23,5
12125,4824,42,4
12126,4825,37,4
12127,4825,27,1
12128,4826,15,3
12129,4827,24,5
12130,4827,32,1
12131,4827,18,5
12132,4827,42,3
12133,4828,32,1
12134,4828,42,3
12135,4829,27,4
12136,4829,10,2
12137,4830,1,1
12138,4830,42,1
12139,4830,26,1
12140,4831,28,3
12141,4831,27,4
12142,4832,38,4
12143,4833,19,5
12144,4834,37,1
12145,4835,4,5
12146,4836,28,4
12147,4837,43,3
12148,4837,38,3
12149,4837,21,3
12150,4838,3,1
12151,4838,4,4
12152,4839,26,4
12153,4839,9,3
12154,4839,42,2
12155,4840,42,3
12156,4841,46,3
12157,4841,9,5
12158,4842,44,2
12159,4842,13,2
12160,4842,4,1
12161,4842,32,4
12162,4843,24,1
12163,4843,50,1
12164,4843,26,4
12165,4843,37,1
12166,4844,49,1
12167,4844,5,2
12168,4844,8,3
12169,4844,32,1
12170,4845,23,1
12171,4845,3,4
12172,4846,12,4
12173,4846,10,3
12174,4846,30,2
12175,4847,37,4
12176,4847,42,3
12177,4847,20,2
12178,4848,44,2
12179,4848,23,3
12180,4848,4,4
12181,4848,21,4
12182,4849,6,2
12183,4849,27,5
12184,4849,1,3
12185,4850,13,5
12186,4850,46,4
12187,4850,36,3
12188,4851,39,4
12189,4851,41,3
12190,4851,36,5
12191,4852,4,1
12192,4852,17,3
12193,4853,11,2
12194,4853,34,2
12195,4853,48,1
12196,4854,26,3
12197,4855,2,2
12198,4855,43,2
12199,4856,30,3
12200,4856,46,2
12201,4856,18,2
12202,4856,19,2
12203,4857,23,5
12204,4857,44,4
12205,4857,30,4
12206,4858,46,4
12207,4858,4,4
12208,4858,19,2
12209,4859,41,3
12210,4859,49,5
12211,4859,26,4
12212,4860,48,2
12213,4860,33,3
12214,4861,37,1
12215,4862,29,1
12216,4862,41,1
12217,4862,43,5
12218,4862,5,5
12219,4863,36,5
12220,4863,19,2
12221,4863,12,5
12222,4863,40,5
12223,4864,5,3
12224,4864,25,2
12225,4865,9,5
12226,4866,28,5
12227,4866,23,3
12228,4867,50,5
12229,4867,4,5
12230,4867,12,1
12231,4867,19,1
12232,4868,42,5
12233,4868,24,5
12234,4868,31,5
12235,4869,24,5
12236,4870,15,3
12237,4870,17,4
12238,4870,44,3
12239,4871,42,2
12240,4872,19,3
12241,4872,14,3
12242,4873,46,4
12243,4874,33,1
12244,4875,42,2
12245,4875,14,5
12246,4875,5,3
12247,4875,47,5
12248,4876,16,5
12249,4876,21,3
12250,4876,29,3
12251,4877,48,4
12252,4878,45,1
12253,4878,47,2
12254,4879,5,1
12255,4879,41,1
12256,4880,26,2
12257,4880,20,1
12258,4881,21,3
12259,4882,50,5
12260,4882,32,5
12261,4882,36,2
12262,4883,41,1
12263,4883,30,3
12264,4883,4,1
12265,4883,32,4
12266,4884,40,3
12267,4885,41,4
12268,4886,25,2
12269,4886,43,2
12270,4887,26,2
12271,4887,12,2
12272,4887,17,4
12273,4887,46,3
12274,4888,10,5
12275,4888,1,5
12276,4888,50,1
12277,4888,32,3
12278,4889,3,2
12279,4889,31,4
12280,4889,33,5
12281,4889,40,5
12282,4890,32,2
12283,4890,43,5
12284,4890,22,5
12285,4890,11,5
12286,4891,13,5
12287,4891,25,3
12288,4891,37,3
12289,4891,7,3
12290,4892,7,5
12291,4892,44,2
12292,4892,38,5
12293,4893,29,2
12294,4893,46,5
12295,4893,37,2
12296,4894,10,1
12297,4894,48,4
12298,4894,39,3
12299,4894,2,1
12300,4895,39,3
12301,4895,47,2
12302,4895,37,4
12303,4896,29,4
12304,4896,35,1
12305,4896,48,3
12306,4897,48,2
12307,4897,15,1
12308,4897,13,4
12309,4898,5,2
12310,4898,43,3
12311,4899,22,4
12312,4899,25,1
12313,4899,5,4
12314,4899,40,4
12315,4900,41,1
12316,4900,4,1
12317,4900,10,1
12318,4901,11,4
12319,4902,20,5
12320,4902,43,3
12321,4902,40,5
12322,4902,50,4
12323,4903,50,1
12324,4904,8,3
12325,4904,41,2
12326,4904,9,5
12327,4905,42,4
12328,4906,7,1
12329,4906,40,3
12330,4907,32,5
12331,4907,25,2
12332,4908,47,4
12333,4908,36,5
12334,4909,46,3
12335,4909,32,4
12336,4910,12,5
12337,4910,26,5
12338,4911,21,3
12339,4911,13,2
12340,4911,6,3
12341,4911,5,2
12342,4912,9,3
12343,4912,43,4
12344,4912,2,5
12345,4912,29,2
12346,4913,20,3
12347,4914,42,1
12348,4914,39,5
12349,4914,18,5
12350,4915,43,5
12351,4915,18,4
12352,4915,21,2
12353,4915,44,3
12354,4916,36,1
12355,4916,18,5
12356,4917,50,4
12357,4917,32,1
12358,4918,29,4
12359,4918,15,5
12360,4918,43,3
12361,4919,42,4
12362,4920,21,1
12363,4921,23,1
12364,4921,6,1
12365,4922,6,5
12366,4922,42,4
12367,4923,9,5
12368,4923,2,1
12369,4923,31,3
12370,4923,23,3
12371,4924,27,5
12372,4924,28,4
12373,4924,5,4
12374,4925,44,3
12375,4925,25,1
12376,4925,1,3
12377,4925,6,2
12378,4926,1,1
12379,4926,50,2
12380,4926,6,4
12381,4927,22,3
12382,4927,30,4
12383,4927,25,3
12384,4928,42,4
12385,4928,50,2
12386,4928,26,2
12387,4928,24,5
12388,4929,31,1
12389,4929,20,3
12390,4929,6,1
12391,4929,49,4
12392,4930,40,2
12393,4930,2,2
12394,4930,49,2
12395,4931,40,3
12396,4932,49,3
12397,4932,45,4
12398,4932,12,1
12399,4932,8,4
12400,4933,25,3
12401,4934,30,1
12402,4934,15,3
12403,4935,50,2
12404,4935,19,5
12405,4936,32,5
12406,4937,41,4
12407,4938,38,1
12408,4938,13,5
12409,4939,8,1
12410,4939,23,1
12411,4939,4,4
12412,4939,31,4
12413,4940,26,5
12414,4941,15,4
12415,4942,4,1
12416,4942,22,1
12417,4942,37,4
12418,4942,18,5
12419,4943,29,2
12420,4943,39,1
12421,4943,28,5
12422,4943,44,5
12423,4944,27,5
12424,4944,29,5
12425,4944,3,4
12426,4945,36,4
12427,4946,40,2
12428,4946,27,2
12429,4946,5,5
12430,4947,2,4
12431,4947,33,5
12432,4948,46,5
12433,4948,31,5
12434,4948,29,5
12435,4949,17,2
12436,4949,50,4
12437,4950,40,4
12438,4950,26,5
12439,4950,34,4
12440,4951,29,5
12441,4951,17,2
12442,4952,1,1
12443,4952,50,5
12444,4953,5,3
12445,4953,21,5
12446,4953,17,3
12447,4953,32,1
12448,4954,13,2
12449,4955,29,1
12450,4955,10,1
12451,4955,47,3
12452,4955,43,4
12453,4956,49,3
12454,4956,47,1
12455,4956,34,5
12456,4956,5,2
12457,4957,19,4
12458,4957,49,3
12459,4958,42,2
12460,4959,6,5
12461,4959,27,3
12462,4959,21,2
12463,4959,4,2
12464,4960,24,5
12465,4961,41,1
12466,4961,16,2
12467,4961,31,1
12468,4961,35,5
12469,4962,24,1
12470,4963,46,2
12471,4964,38,5
12472,4964,2,1
12473,4964,18,3
12474,4964,29,4
12475,4965,19,1
12476,4965,39,3
12477,4965,17,5
12478,4966,22,1
12479,4967,40,2
12480,4967,17,4
12481,4968,46,1
12482,4969,28,5
12483,4969,35,1
12484,4970,40,5
12485,4971,44,5
12486,4971,4,1
12487,4971,41,3
12488,4971,28,3
12489,4972,28,4
12490,4973,7,2
12491,4973,31,5
12492,4973,49,3
12493,4973,30,2
12494,4974,27,4
12495,4975,36,1
12496,4976,48,5
12497,4976,34,2
12498,4976,23,3
12499,4977,17,5
12500,4978,32,3
12501,4978,46,4
12502,4978,44,2
12503,4978,38,3
12504,4979,3,2
12505,4980,13,1
12506,4981,5,4
12507,4981,48,1
12508,4981,34,4
12509,4982,38,4
12510,4982,36,2
12511,4982,39,2
12512,4983,40,4
12513,4983,20,4
12514,4983,41,3
12515,4984,40,3
12516,4985,33,3
12517,4985,14,1
12518,4985,12,5
12519,4986,6,1
12520,4987,26,2
12521,4987,15,3
12522,4988,10,4
12523,4988,29,4
12524,4989,35,3
12525,4990,44,5
12526,4990,11,2
12527,4990,28,2
12528,4991,48,2
12529,4991,24,3
12530,4991,17,3
12531,4992,6,5
12532,4992,16,1
12533,4993,8,3
12534,4994,31,3
12535,4994,26,1
12536,4994,39,3
12537,4995,14,5
12538,4996,24,2
12539,4996,16,4
12540,4996,11,3
12541,4997,33,2
12542,4998,16,2
12543,4998,8,3
12544,4998,30,2
12545,4998,21,2
12546,4999,18,3
12547,4999,16,2
12548,5000,48,2
